id,nome,sobrenome,email,dataAdmissao,cargo
80000,Kamilly Viana,Ribeiro,vianaribeiro@nomeEmpresa.com,2009-11-17,Telemarketing
80001,Gabriel Ramos,Nascimento,gabrielnascimento@nomeEmpresa.com,2012-01-22,Vendedor Externo
80002,Breno Freitas,Rocha,freitasrocha@nomeEmpresa.com,2016-03-27,Vendedor Interno
80003,Ravy Vasconcelos,Machado,vasconcelosmachado@nomeEmpresa.com,2004-03-28,Vendedor Interno
80004,Sophia Nascimento,Aragão,nascimentoaragao@nomeEmpresa.com,2016-02-04,Telemarketing
80005,Ayla Leão,Mendonça,leaomendonca@nomeEmpresa.com,2022-12-12,Telemarketing
80006,Leonardo Sales,Marques,salesmarques@nomeEmpresa.com,2016-02-08,Telemarketing
80007,Benicio Gonçalves,Siqueira,beniciosiqueira@nomeEmpresa.com,2007-08-08,Consultor de Vendas
80008,Alexandre Cunha,Costa,cunhacosta@nomeEmpresa.com,2020-04-14,Telemarketing
80009,Caio Nascimento,Jesus,nascimentojesus@nomeEmpresa.com,2010-07-22,Vendedor Interno
80010,da Cruz,Cardoso,dacardoso@nomeEmpresa.com,2015-09-21,Vendedor Interno
80011,Clarice Guerra,Freitas,guerrafreitas@nomeEmpresa.com,2011-11-08,Vendedor Externo
80012,Lucca Nunes,Marques,luccamarques@nomeEmpresa.com,2007-02-08,Telemarketing
80013,Miguel Cirino,Macedo,miguelmacedo@nomeEmpresa.com,2009-09-19,Vendedor Externo
80014,Otto Pimenta,Cavalcanti,pimentacavalcanti@nomeEmpresa.com,2005-08-26,Telemarketing
80015,Valentina Pacheco,Fernandes,valentinafernandes@nomeEmpresa.com,2017-03-19,Telemarketing
80016,Rodrigo Silva,Marques,silvamarques@nomeEmpresa.com,2011-05-12,Telemarketing
80017,Manuella Almeida,Novaes,almeidanovaes@nomeEmpresa.com,2023-07-25,Vendedor Interno
80018,Danilo Moraes,Marques,moraesmarques@nomeEmpresa.com,2006-08-05,Vendedor Interno
80019,Beatriz da,Mendonça,beatrizmendonca@nomeEmpresa.com,2011-09-18,Vendedor Interno
80020,Emanuelly Pereira,Rezende,pereirarezende@nomeEmpresa.com,2016-05-03,Vendedor Interno
80021,Luigi Duarte,Almeida,duartealmeida@nomeEmpresa.com,2020-07-16,Telemarketing
80022,Pedro Aparecida,Monteiro,aparecidamonteiro@nomeEmpresa.com,2011-09-22,Vendedor Interno
80023,Ísis Vasconcelos,Silva,vasconcelossilva@nomeEmpresa.com,2021-06-17,Consultor de Vendas
80024,Igor Vargas,Cavalcante,vargascavalcante@nomeEmpresa.com,2016-08-19,Vendedor Interno
80025,Enzo Fernandes,Vieira,fernandesvieira@nomeEmpresa.com,2023-02-28,Telemarketing
80026,Natália das,Barros,nataliabarros@nomeEmpresa.com,2011-04-02,Vendedor Interno
80027,Bernardo Oliveira,Gonçalves,oliveiragoncalves@nomeEmpresa.com,2008-12-12,Vendedor Externo
80028,Luísa Rios,Fonseca,riosfonseca@nomeEmpresa.com,2019-08-14,Vendedor Externo
80029,Maya Aparecida,Moraes,aparecidamoraes@nomeEmpresa.com,2022-12-15,Telemarketing
80030,Zoe Araújo,Sales,araujosales@nomeEmpresa.com,2012-05-15,Vendedor Externo
80031,Vinicius Sá,Carvalho,sacarvalho@nomeEmpresa.com,2012-03-09,Vendedor Externo
80032,Eloá Nascimento,Camargo,eloacamargo@nomeEmpresa.com,2004-04-26,Vendedor Interno
80033,Theo Mendonça,Rocha,mendoncarocha@nomeEmpresa.com,2015-07-15,Vendedor Interno
80034,Marcelo Marques,Conceição,marquesconceicao@nomeEmpresa.com,2009-09-13,Vendedor Interno
80035,Mateus Cavalcante,Garcia,cavalcantegarcia@nomeEmpresa.com,2010-07-29,Telemarketing
80036,da Mata,Rocha,darocha@nomeEmpresa.com,2015-05-26,Vendedor Interno
80037,Emilly Santos,Nunes,santosnunes@nomeEmpresa.com,2007-06-27,Vendedor Interno
80038,Calebe Novais,Rios,novaisrios@nomeEmpresa.com,2008-01-16,Vendedor Interno
80039,da Conceição,Viana,daviana@nomeEmpresa.com,2019-05-01,Vendedor Interno
80040,Luísa Ferreira,Cunha,ferreiracunha@nomeEmpresa.com,2022-07-13,Telemarketing
80041,Otávio Cunha,Costa,cunhacosta@nomeEmpresa.com,2005-06-15,Vendedor Externo
80042,Lorena Albuquerque,Costela,albuquerquecostela@nomeEmpresa.com,2018-06-06,Vendedor Interno
80043,Thiago Pereira,Barbosa,pereirabarbosa@nomeEmpresa.com,2007-10-13,Vendedor Interno
80044,Vinícius Câmara,Garcia,camaragarcia@nomeEmpresa.com,2008-05-21,Vendedor Interno
80045,Liz Abreu,Aragão,lizaragao@nomeEmpresa.com,2019-06-09,Promotor de Vendas
80046,Elisa Andrade,Santos,andradesantos@nomeEmpresa.com,2017-09-17,Vendedor Interno
80047,Rael Barros,Machado,barrosmachado@nomeEmpresa.com,2016-12-19,Vendedor Interno
80048,Lorenzo Andrade,Moreira,andrademoreira@nomeEmpresa.com,2014-01-11,Promotor de Vendas
80049,Valentim Farias,Cardoso,valentimcardoso@nomeEmpresa.com,2006-08-08,Vendedor Interno
80050,Caroline Pastor,Gomes,pastorgomes@nomeEmpresa.com,2006-01-15,Vendedor Interno
80051,Hellena Barbosa,Aragão,barbosaaragao@nomeEmpresa.com,2013-09-17,Vendedor Interno
80052,da Cunha,Leão,daleao@nomeEmpresa.com,2021-11-30,Vendedor Externo
80053,da Mota,Campos,dacampos@nomeEmpresa.com,2016-02-08,Vendedor Interno
80054,Sabrina Alves,Duarte,alvesduarte@nomeEmpresa.com,2016-05-11,Telemarketing
80055,Benicio Porto,Teixeira,portoteixeira@nomeEmpresa.com,2019-08-04,Vendedor Interno
80056,Vitória Pimenta,Duarte,vitoriaduarte@nomeEmpresa.com,2023-04-15,Vendedor Externo
80057,Luara Vargas,Luz,luaraluz@nomeEmpresa.com,2012-11-14,Vendedor Externo
80058,Bernardo Caldeira,Neves,caldeiraneves@nomeEmpresa.com,2022-02-16,Vendedor Interno
80059,Dante Cavalcante,Nascimento,cavalcantenascimento@nomeEmpresa.com,2006-03-14,Vendedor Interno
80060,Benjamin Peixoto,Sampaio,peixotosampaio@nomeEmpresa.com,2009-09-20,Vendedor Interno
80061,Eduardo Nogueira,Machado,nogueiramachado@nomeEmpresa.com,2022-08-17,Telemarketing
80062,Larissa Oliveira,Macedo,oliveiramacedo@nomeEmpresa.com,2018-08-26,Telemarketing
80063,Miguel da,Pereira,miguelpereira@nomeEmpresa.com,2004-02-29,Consultor de Vendas
80064,Luiza Carvalho,Fonseca,carvalhofonseca@nomeEmpresa.com,2013-06-29,Vendedor Interno
80065,Júlia Leão,Pereira,juliapereira@nomeEmpresa.com,2004-06-01,Vendedor Interno
80066,Yasmin Moreira,Guerra,moreiraguerra@nomeEmpresa.com,2012-12-20,Vendedor Interno
80067,Mirella Albuquerque,Nogueira,albuquerquenogueira@nomeEmpresa.com,2017-01-25,Vendedor Externo
80068,Isis Fernandes,Cirino,fernandescirino@nomeEmpresa.com,2017-08-22,Vendedor Interno
80069,Danilo Gomes,Rios,danilorios@nomeEmpresa.com,2017-08-17,Telemarketing
80070,Emanuella Cavalcante,Rodrigues,cavalcanterodrigues@nomeEmpresa.com,2008-08-27,Vendedor Interno
80071,Rebeca Caldeira,Oliveira,caldeiraoliveira@nomeEmpresa.com,2005-08-05,Vendedor Externo
80072,Lucca Viana,Santos,luccasantos@nomeEmpresa.com,2023-07-17,Vendedor Interno
80073,da Rocha,Rezende,darezende@nomeEmpresa.com,2013-02-11,Telemarketing
80074,Otto Campos,Mendes,camposmendes@nomeEmpresa.com,2008-02-29,Vendedor Externo
80075,Luigi Silva,Barbosa,silvabarbosa@nomeEmpresa.com,2018-02-12,Telemarketing
80076,Sarah Vargas,Paz,vargaspaz@nomeEmpresa.com,2013-06-01,Vendedor Externo
80077,Bruna Duarte,Gomes,duartegomes@nomeEmpresa.com,2011-04-08,Vendedor Externo
80078,Isabella Alves,Castro,alvescastro@nomeEmpresa.com,2021-06-06,Vendedor Interno
80079,Théo Câmara,Moraes,camaramoraes@nomeEmpresa.com,2024-08-13,Vendedor Externo
80080,da Costa,Nogueira,danogueira@nomeEmpresa.com,2004-04-07,Vendedor Externo
80081,Enzo Barbosa,Mata,barbosamata@nomeEmpresa.com,2018-11-14,Telemarketing
80082,Aylla Siqueira,Duarte,siqueiraduarte@nomeEmpresa.com,2007-09-30,Vendedor Interno
80083,Bruna Câmara,Vargas,brunavargas@nomeEmpresa.com,2018-06-27,Vendedor Externo
80084,Emilly Aparecida,Nogueira,aparecidanogueira@nomeEmpresa.com,2014-12-23,Telemarketing
80085,Paulo Correia,Nunes,correianunes@nomeEmpresa.com,2017-02-04,Vendedor Interno
80086,Nicole Garcia,Albuquerque,nicolealbuquerque@nomeEmpresa.com,2011-12-05,Telemarketing
80087,Brayan Caldeira,Rodrigues,caldeirarodrigues@nomeEmpresa.com,2013-12-24,Vendedor Interno
80088,Gustavo Almeida,Monteiro,gustavomonteiro@nomeEmpresa.com,2015-02-13,Vendedor Externo
80089,Lorenzo Pastor,Lima,pastorlima@nomeEmpresa.com,2005-11-27,Vendedor Interno
80090,Ana Lívia,Pastor,anapastor@nomeEmpresa.com,2009-10-29,Telemarketing
80091,José Pedro,Pacheco,josepacheco@nomeEmpresa.com,2021-11-11,Vendedor Interno
80092,Esther Dias,Cunha,diascunha@nomeEmpresa.com,2022-04-22,Vendedor Interno
80093,Liam Novaes,Guerra,novaesguerra@nomeEmpresa.com,2017-06-28,Vendedor Interno
80094,Isadora Aparecida,Costa,aparecidacosta@nomeEmpresa.com,2022-08-14,Vendedor Externo
80095,Kevin Ramos,Camargo,kevincamargo@nomeEmpresa.com,2008-04-05,Vendedor Externo
80096,Gabriel Campos,Silveira,gabrielsilveira@nomeEmpresa.com,2018-09-30,Telemarketing
80097,Daniel Pires,Rezende,piresrezende@nomeEmpresa.com,2023-03-10,Telemarketing
80098,Renan Leão,Porto,leaoporto@nomeEmpresa.com,2021-11-15,Telemarketing
80099,Júlia Machado,Porto,juliaporto@nomeEmpresa.com,2005-11-29,Vendedor Externo
80100,Sarah Montenegro,Rosa,montenegrorosa@nomeEmpresa.com,2018-08-04,Vendedor Interno
80101,Rhavi Alves,Duarte,alvesduarte@nomeEmpresa.com,2007-08-13,Vendedor Externo
80102,Laura Campos,Brito,laurabrito@nomeEmpresa.com,2005-12-05,Telemarketing
80103,Larissa Fernandes,Melo,fernandesmelo@nomeEmpresa.com,2023-09-23,Vendedor Externo
80104,Laura Pimenta,Carvalho,pimentacarvalho@nomeEmpresa.com,2022-07-31,Promotor de Vendas
80105,Gabriel Cavalcanti,Paz,gabrielpaz@nomeEmpresa.com,2022-06-20,Vendedor Externo
80106,Lucca Correia,Novaes,correianovaes@nomeEmpresa.com,2014-01-26,Vendedor Interno
80107,Gabriel da,Cunha,gabrielcunha@nomeEmpresa.com,2007-09-03,Promotor de Vendas
80108,Cauê Ribeiro,Alves,cauealves@nomeEmpresa.com,2015-05-21,Vendedor Externo
80109,Eduardo Pimenta,Fogaça,eduardofogaca@nomeEmpresa.com,2006-12-17,Vendedor Externo
80110,Mariane da,Farias,marianefarias@nomeEmpresa.com,2017-03-30,Vendedor Interno
80111,Gabriel Cavalcanti,Rodrigues,gabrielrodrigues@nomeEmpresa.com,2009-11-19,Vendedor Externo
80112,Sara Ramos,Rocha,ramosrocha@nomeEmpresa.com,2010-10-24,Vendedor Externo
80113,Antônio Dias,Barbosa,diasbarbosa@nomeEmpresa.com,2023-10-10,Telemarketing
80114,Gabriel Peixoto,Pimenta,gabrielpimenta@nomeEmpresa.com,2024-03-18,Vendedor Externo
80115,Antonella Farias,Ramos,fariasramos@nomeEmpresa.com,2017-11-09,Vendedor Externo
80116,Maria Camargo,Costa,camargocosta@nomeEmpresa.com,2021-04-29,Vendedor Externo
80117,Gabriel Fogaça,Nogueira,fogacanogueira@nomeEmpresa.com,2008-09-29,Telemarketing
80118,Julia Freitas,Barbosa,juliabarbosa@nomeEmpresa.com,2017-12-29,Vendedor Interno
80119,Luiza Silva,Cavalcanti,luizacavalcanti@nomeEmpresa.com,2009-12-01,Promotor de Vendas
80120,Marcos Vinicius,Novais,marcosnovais@nomeEmpresa.com,2018-01-12,Vendedor Externo
80121,Liz Alves,Mata,alvesmata@nomeEmpresa.com,2006-06-27,Telemarketing
80122,Bianca Rocha,Fernandes,rochafernandes@nomeEmpresa.com,2006-04-15,Telemarketing
80123,Cauê Ramos,Silva,ramossilva@nomeEmpresa.com,2022-12-28,Telemarketing
80124,Cecília Araújo,Mata,ceciliamata@nomeEmpresa.com,2018-12-15,Vendedor Interno
80125,Erick Azevedo,Viana,azevedoviana@nomeEmpresa.com,2015-12-01,Vendedor Interno
80126,Anthony Pimenta,Dias,pimentadias@nomeEmpresa.com,2014-10-18,Vendedor Externo
80127,Isadora Azevedo,Nascimento,azevedonascimento@nomeEmpresa.com,2013-07-15,Vendedor Interno
80128,da Cruz,Sampaio,dasampaio@nomeEmpresa.com,2008-07-22,Telemarketing
80129,Felipe Martins,Pacheco,felipepacheco@nomeEmpresa.com,2021-06-20,Telemarketing
80130,das Neves,Costa,dascosta@nomeEmpresa.com,2012-08-14,Promotor de Vendas
80131,Diogo Farias,Sousa,fariassousa@nomeEmpresa.com,2015-04-23,Vendedor Interno
80132,Ana Clara,Alves,anaalves@nomeEmpresa.com,2009-07-10,Vendedor Interno
80133,Caleb Pastor,Cassiano,pastorcassiano@nomeEmpresa.com,2018-09-25,Telemarketing
80134,Alana Duarte,Cavalcanti,duartecavalcanti@nomeEmpresa.com,2017-04-13,Promotor de Vendas
80135,Olívia Costela,Ribeiro,costelaribeiro@nomeEmpresa.com,2018-08-11,Vendedor Interno
80136,Maria Lopes,Cassiano,lopescassiano@nomeEmpresa.com,2014-02-14,Telemarketing
80137,Caio Caldeira,Caldeira,caldeiracaldeira@nomeEmpresa.com,2017-06-12,Vendedor Interno
80138,Kaique Montenegro,Moreira,montenegromoreira@nomeEmpresa.com,2012-02-10,Vendedor Interno
80139,Bento Cavalcanti,Borges,cavalcantiborges@nomeEmpresa.com,2020-06-22,Vendedor Interno
80140,Cecilia Câmara,Nunes,camaranunes@nomeEmpresa.com,2018-03-19,Telemarketing
80141,Oliver Vargas,Caldeira,vargascaldeira@nomeEmpresa.com,2019-03-16,Vendedor Interno
80142,da Paz,Mata,damata@nomeEmpresa.com,2006-06-14,Vendedor Interno
80143,Pedro Miguel,Moraes,pedromoraes@nomeEmpresa.com,2017-04-15,Vendedor Externo
80144,Isabel Cavalcanti,Oliveira,cavalcantioliveira@nomeEmpresa.com,2019-12-09,Telemarketing
80145,Pedro Câmara,Nascimento,camaranascimento@nomeEmpresa.com,2014-06-08,Promotor de Vendas
80146,Sophia Aparecida,Pimenta,sophiapimenta@nomeEmpresa.com,2021-08-20,Vendedor Interno
80147,da Costa,Neves,daneves@nomeEmpresa.com,2016-04-27,Vendedor Interno
80148,da Cruz,Peixoto,dapeixoto@nomeEmpresa.com,2009-10-21,Telemarketing
80149,Helena Nogueira,Sá,helenasa@nomeEmpresa.com,2013-06-19,Telemarketing
80150,Otávio Barros,Ferreira,otavioferreira@nomeEmpresa.com,2018-07-22,Vendedor Interno
80151,Gabriel Siqueira,Rocha,gabrielrocha@nomeEmpresa.com,2019-08-09,Telemarketing
80152,Rodrigo Cunha,Porto,cunhaporto@nomeEmpresa.com,2022-05-11,Telemarketing
80153,da Paz,Câmara,dacamara@nomeEmpresa.com,2022-05-05,Vendedor Externo
80154,Vitor Ferreira,Viana,vitorviana@nomeEmpresa.com,2015-01-05,Vendedor Interno
80155,Yago Barros,Lopes,barroslopes@nomeEmpresa.com,2015-04-03,Promotor de Vendas
80156,Sabrina Gomes,Pereira,sabrinapereira@nomeEmpresa.com,2013-02-08,Promotor de Vendas
80157,Isaac Moraes,Pacheco,moraespacheco@nomeEmpresa.com,2010-09-22,Vendedor Interno
80158,Luana Cardoso,Gomes,cardosogomes@nomeEmpresa.com,2015-09-18,Vendedor Interno
80159,Thomas Pinto,Gonçalves,pintogoncalves@nomeEmpresa.com,2017-11-03,Telemarketing
80160,Rodrigo Freitas,Cunha,freitascunha@nomeEmpresa.com,2022-01-10,Promotor de Vendas
80161,Thiago Caldeira,Lopes,caldeiralopes@nomeEmpresa.com,2007-03-29,Vendedor Externo
80162,Vitor Melo,Mata,vitormata@nomeEmpresa.com,2005-12-30,Vendedor Externo
80163,Cauê Castro,Mendes,castromendes@nomeEmpresa.com,2010-07-06,Vendedor Interno
80164,Rafael Fonseca,Silva,fonsecasilva@nomeEmpresa.com,2014-03-18,Consultor de Vendas
80165,Liz Cirino,Rocha,lizrocha@nomeEmpresa.com,2009-03-29,Vendedor Interno
80166,Davi Miguel,Viana,daviviana@nomeEmpresa.com,2016-09-05,Vendedor Interno
80167,Marcela Câmara,Oliveira,camaraoliveira@nomeEmpresa.com,2024-02-29,Consultor de Vendas
80168,Clara Brito,Fonseca,britofonseca@nomeEmpresa.com,2014-01-12,Vendedor Interno
80169,Erick da,Novais,ericknovais@nomeEmpresa.com,2021-11-10,Vendedor Interno
80170,da Paz,Brito,dabrito@nomeEmpresa.com,2009-08-18,Vendedor Externo
80171,Henrique Garcia,Montenegro,henriquemontenegro@nomeEmpresa.com,2010-09-30,Vendedor Interno
80172,da Mota,Caldeira,dacaldeira@nomeEmpresa.com,2018-02-24,Vendedor Externo
80173,Laura da,Ribeiro,lauraribeiro@nomeEmpresa.com,2012-05-24,Vendedor Interno
80174,Miguel das,Abreu,miguelabreu@nomeEmpresa.com,2021-06-03,Vendedor Externo
80175,Cecília Silveira,Azevedo,ceciliaazevedo@nomeEmpresa.com,2023-01-27,Vendedor Interno
80176,Otávio Camargo,Azevedo,otavioazevedo@nomeEmpresa.com,2023-05-27,Vendedor Externo
80177,Letícia Almeida,Gomes,almeidagomes@nomeEmpresa.com,2006-05-25,Telemarketing
80178,Henrique Azevedo,Freitas,henriquefreitas@nomeEmpresa.com,2008-09-03,Vendedor Externo
80179,Elisa Pires,Costela,pirescostela@nomeEmpresa.com,2011-07-22,Telemarketing
80180,Daniel Pinto,Almeida,pintoalmeida@nomeEmpresa.com,2006-06-06,Vendedor Interno
80181,Henrique das,Vieira,henriquevieira@nomeEmpresa.com,2020-02-17,Vendedor Externo
80182,Brenda Lopes,Campos,lopescampos@nomeEmpresa.com,2008-09-19,Vendedor Interno
80183,Maya Freitas,Vargas,freitasvargas@nomeEmpresa.com,2016-02-04,Vendedor Externo
80184,Mirella Cavalcanti,Martins,cavalcantimartins@nomeEmpresa.com,2016-03-27,Vendedor Interno
80185,Valentim Lima,Luz,limaluz@nomeEmpresa.com,2005-03-18,Promotor de Vendas
80186,Liz Barbosa,Carvalho,lizcarvalho@nomeEmpresa.com,2017-01-13,Vendedor Interno
80187,Melissa Fonseca,Freitas,fonsecafreitas@nomeEmpresa.com,2011-03-26,Vendedor Externo
80188,Stella Correia,Guerra,correiaguerra@nomeEmpresa.com,2016-09-13,Vendedor Interno
80189,Lucas Cirino,Oliveira,lucasoliveira@nomeEmpresa.com,2019-04-27,Vendedor Interno
80190,Miguel Silveira,Pinto,miguelpinto@nomeEmpresa.com,2022-09-28,Vendedor Interno
80191,Júlia Cardoso,Rios,cardosorios@nomeEmpresa.com,2015-04-22,Telemarketing
80192,Antônio Mendes,Novaes,mendesnovaes@nomeEmpresa.com,2010-05-22,Vendedor Externo
80193,Júlia Lopes,Costela,juliacostela@nomeEmpresa.com,2018-07-10,Vendedor Interno
80194,Luiz Henrique,Cunha,luizcunha@nomeEmpresa.com,2007-07-20,Vendedor Interno
80195,da Luz,Albuquerque,daalbuquerque@nomeEmpresa.com,2014-11-29,Telemarketing
80196,Heloísa Vasconcelos,Cunha,vasconceloscunha@nomeEmpresa.com,2022-04-27,Vendedor Interno
80197,Camila Pimenta,Vieira,pimentavieira@nomeEmpresa.com,2014-07-20,Promotor de Vendas
80198,Lunna Brito,Pacheco,britopacheco@nomeEmpresa.com,2015-10-29,Vendedor Interno
80199,Gustavo Novais,Lopes,novaislopes@nomeEmpresa.com,2007-08-18,Vendedor Externo
80200,Lucas Cirino,Cardoso,lucascardoso@nomeEmpresa.com,2007-02-20,Vendedor Externo
80201,Thales Rodrigues,Mota,rodriguesmota@nomeEmpresa.com,2022-07-02,Vendedor Interno
80202,Aurora Pires,Ribeiro,piresribeiro@nomeEmpresa.com,2023-05-13,Vendedor Interno
80203,Samuel Azevedo,Fonseca,azevedofonseca@nomeEmpresa.com,2015-11-14,Vendedor Interno
80204,Vinicius Nogueira,Vargas,viniciusvargas@nomeEmpresa.com,2013-10-15,Vendedor Interno
80205,da Cunha,Albuquerque,daalbuquerque@nomeEmpresa.com,2014-05-24,Telemarketing
80206,Emanuel Rezende,Farias,rezendefarias@nomeEmpresa.com,2016-05-01,Telemarketing
80207,Júlia Gomes,Rocha,gomesrocha@nomeEmpresa.com,2016-06-15,Vendedor Interno
80208,Nicolas Fernandes,Silva,nicolassilva@nomeEmpresa.com,2006-02-27,Telemarketing
80209,Antônio Montenegro,Moura,montenegromoura@nomeEmpresa.com,2019-04-25,Vendedor Interno
80210,Joaquim Peixoto,Souza,peixotosouza@nomeEmpresa.com,2018-08-13,Vendedor Interno
80211,da Costa,Albuquerque,daalbuquerque@nomeEmpresa.com,2020-07-27,Telemarketing
80212,Luísa Porto,Lopes,portolopes@nomeEmpresa.com,2021-11-07,Telemarketing
80213,Elisa Vasconcelos,Dias,vasconcelosdias@nomeEmpresa.com,2015-08-20,Vendedor Interno
80214,Henrique Melo,Caldeira,henriquecaldeira@nomeEmpresa.com,2007-05-05,Vendedor Interno
80215,Pedro Cunha,Nunes,pedronunes@nomeEmpresa.com,2009-07-12,Telemarketing
80216,Raquel Cirino,Câmara,raquelcamara@nomeEmpresa.com,2016-04-07,Vendedor Interno
80217,Caio Correia,Cavalcanti,correiacavalcanti@nomeEmpresa.com,2012-04-25,Telemarketing
80218,Lucas Cavalcanti,Ribeiro,lucasribeiro@nomeEmpresa.com,2020-10-21,Telemarketing
80219,Isaque Teixeira,Novais,teixeiranovais@nomeEmpresa.com,2005-05-16,Vendedor Externo
80220,Dante Marques,Pacheco,dantepacheco@nomeEmpresa.com,2006-11-01,Telemarketing
80221,Brayan Barros,Macedo,barrosmacedo@nomeEmpresa.com,2014-01-29,Telemarketing
80222,Yago Silva,Lopes,silvalopes@nomeEmpresa.com,2013-02-07,Vendedor Interno
80223,Calebe Nogueira,Oliveira,nogueiraoliveira@nomeEmpresa.com,2023-11-29,Vendedor Externo
80224,Paulo Melo,Correia,melocorreia@nomeEmpresa.com,2005-08-22,Telemarketing
80225,Antônio Campos,Pires,campospires@nomeEmpresa.com,2010-05-25,Vendedor Interno
80226,Marcela Sá,Rodrigues,sarodrigues@nomeEmpresa.com,2012-02-02,Vendedor Interno
80227,Calebe Moreira,Peixoto,moreirapeixoto@nomeEmpresa.com,2017-02-02,Vendedor Interno
80228,Gabriel Souza,Macedo,gabrielmacedo@nomeEmpresa.com,2008-02-25,Vendedor Externo
80229,Júlia Vasconcelos,Sousa,juliasousa@nomeEmpresa.com,2023-01-12,Vendedor Interno
80230,Bárbara Silveira,Carvalho,barbaracarvalho@nomeEmpresa.com,2007-10-05,Vendedor Interno
80231,Matteo Albuquerque,Andrade,albuquerqueandrade@nomeEmpresa.com,2022-11-15,Telemarketing
80232,Emanuelly Sampaio,Novaes,sampaionovaes@nomeEmpresa.com,2017-11-13,Vendedor Externo
80233,Guilherme Rodrigues,Farias,guilhermefarias@nomeEmpresa.com,2015-08-18,Vendedor Externo
80234,Vitor Sales,Albuquerque,vitoralbuquerque@nomeEmpresa.com,2021-06-15,Telemarketing
80235,Gabriel da,Camargo,gabrielcamargo@nomeEmpresa.com,2011-01-23,Vendedor Interno
80236,Emanuel Ribeiro,Vargas,ribeirovargas@nomeEmpresa.com,2009-09-14,Vendedor Externo
80237,Caleb Melo,Câmara,melocamara@nomeEmpresa.com,2010-01-02,Promotor de Vendas
80238,da Cruz,Rosa,darosa@nomeEmpresa.com,2014-02-13,Telemarketing
80239,Pedro Miguel,Mendonça,pedromendonca@nomeEmpresa.com,2017-09-25,Vendedor Externo
80240,Benicio Mendes,Nunes,mendesnunes@nomeEmpresa.com,2012-09-23,Vendedor Interno
80241,Beatriz Câmara,Fonseca,camarafonseca@nomeEmpresa.com,2017-01-25,Vendedor Interno
80242,Henrique Azevedo,Lima,henriquelima@nomeEmpresa.com,2024-06-08,Telemarketing
80243,Lucca Aparecida,Mota,luccamota@nomeEmpresa.com,2023-02-10,Telemarketing
80244,Vitória Camargo,Rosa,camargorosa@nomeEmpresa.com,2005-12-17,Promotor de Vendas
80245,Lucas Fogaça,Fonseca,lucasfonseca@nomeEmpresa.com,2014-07-07,Vendedor Interno
80246,Vitor Fonseca,Novaes,vitornovaes@nomeEmpresa.com,2011-07-22,Telemarketing
80247,Catarina Garcia,Monteiro,garciamonteiro@nomeEmpresa.com,2020-03-07,Vendedor Externo
80248,da Conceição,Conceição,daconceicao@nomeEmpresa.com,2005-04-15,Vendedor Interno
80249,Ana Liz,Machado,anamachado@nomeEmpresa.com,2013-02-19,Vendedor Interno
80250,Stella Oliveira,Pinto,oliveirapinto@nomeEmpresa.com,2015-05-13,Vendedor Externo
80251,Pietro Ribeiro,Mota,ribeiromota@nomeEmpresa.com,2015-06-11,Vendedor Externo
80252,Antônio Teixeira,Luz,antonioluz@nomeEmpresa.com,2022-03-08,Vendedor Interno
80253,Lucca Sales,Peixoto,luccapeixoto@nomeEmpresa.com,2014-03-12,Vendedor Interno
80254,Thiago Peixoto,Cunha,thiagocunha@nomeEmpresa.com,2016-09-18,Vendedor Interno
80255,Benjamin Martins,Vieira,benjaminvieira@nomeEmpresa.com,2018-12-02,Telemarketing
80256,Liz Garcia,Melo,lizmelo@nomeEmpresa.com,2006-03-16,Telemarketing
80257,Emilly Souza,Nogueira,souzanogueira@nomeEmpresa.com,2014-09-10,Promotor de Vendas
80258,João Vitor,Cruz,joaocruz@nomeEmpresa.com,2020-12-18,Telemarketing
80259,Marcela Moura,Teixeira,mourateixeira@nomeEmpresa.com,2024-08-31,Telemarketing
80260,Vinícius Dias,Teixeira,diasteixeira@nomeEmpresa.com,2010-09-28,Telemarketing
80261,Heloísa Ribeiro,Rios,heloisarios@nomeEmpresa.com,2008-07-08,Promotor de Vendas
80262,Bento Andrade,Moreira,andrademoreira@nomeEmpresa.com,2015-10-25,Telemarketing
80263,Luna Sampaio,Brito,sampaiobrito@nomeEmpresa.com,2010-07-25,Vendedor Interno
80264,Gustavo Sá,Macedo,gustavomacedo@nomeEmpresa.com,2007-01-09,Telemarketing
80265,Raquel Camargo,Correia,camargocorreia@nomeEmpresa.com,2010-01-05,Telemarketing
80266,Anna Liz,Moura,annamoura@nomeEmpresa.com,2004-02-01,Telemarketing
80267,Lucas Lima,Sousa,lucassousa@nomeEmpresa.com,2019-06-14,Vendedor Interno
80268,Flor Barbosa,Pereira,florpereira@nomeEmpresa.com,2018-09-22,Vendedor Interno
80269,Gabriel Cavalcanti,Correia,gabrielcorreia@nomeEmpresa.com,2004-04-14,Vendedor Interno
80270,Ravi Lucca,Ribeiro,raviribeiro@nomeEmpresa.com,2011-03-24,Vendedor Interno
80271,Murilo Vieira,Silveira,murilosilveira@nomeEmpresa.com,2012-05-01,Promotor de Vendas
80272,Liz Cirino,Rocha,lizrocha@nomeEmpresa.com,2021-05-22,Promotor de Vendas
80273,André Lima,Rodrigues,limarodrigues@nomeEmpresa.com,2017-05-05,Vendedor Interno
80274,Felipe da,Conceição,felipeconceicao@nomeEmpresa.com,2017-10-17,Vendedor Externo
80275,Anna Liz,Fonseca,annafonseca@nomeEmpresa.com,2003-11-26,Promotor de Vendas
80276,Luna Albuquerque,Souza,lunasouza@nomeEmpresa.com,2005-10-10,Telemarketing
80277,Lara Silveira,Montenegro,laramontenegro@nomeEmpresa.com,2021-04-27,Vendedor Interno
80278,Cecília Cavalcanti,Leão,cecilialeao@nomeEmpresa.com,2019-06-01,Vendedor Externo
80279,Alice das,Santos,alicesantos@nomeEmpresa.com,2021-03-30,Vendedor Externo
80280,da Costa,Andrade,daandrade@nomeEmpresa.com,2019-11-18,Telemarketing
80281,da Luz,Mata,damata@nomeEmpresa.com,2018-05-21,Vendedor Interno
80282,Flor da,Mendonça,flormendonca@nomeEmpresa.com,2017-11-17,Promotor de Vendas
80283,Hugo da,Sá,hugosa@nomeEmpresa.com,2005-03-31,Vendedor Interno
80284,Luísa Lima,Camargo,luisacamargo@nomeEmpresa.com,2009-12-21,Vendedor Externo
80285,Emanuel Gonçalves,Novaes,emanuelnovaes@nomeEmpresa.com,2018-10-12,Vendedor Interno
80286,Elisa Duarte,Mendes,duartemendes@nomeEmpresa.com,2005-06-25,Promotor de Vendas
80287,Otávio Pereira,Ramos,pereiraramos@nomeEmpresa.com,2010-11-12,Promotor de Vendas
80288,Pedro Porto,Jesus,portojesus@nomeEmpresa.com,2013-01-28,Telemarketing
80289,Luiz Garcia,Silva,luizsilva@nomeEmpresa.com,2024-08-12,Vendedor Interno
80290,Fernanda Siqueira,Santos,siqueirasantos@nomeEmpresa.com,2024-07-05,Promotor de Vendas
80291,Cecília Silva,Aragão,ceciliaaragao@nomeEmpresa.com,2006-05-08,Vendedor Interno
80292,Heloísa Mendonça,Aragão,mendoncaaragao@nomeEmpresa.com,2022-04-20,Telemarketing
80293,Agatha Novaes,Carvalho,novaescarvalho@nomeEmpresa.com,2015-10-30,Promotor de Vendas
80294,Giovanna Moura,Garcia,mouragarcia@nomeEmpresa.com,2018-10-23,Telemarketing
80295,Manuela Melo,Cardoso,melocardoso@nomeEmpresa.com,2019-02-25,Telemarketing
80296,Gabriel Siqueira,Duarte,gabrielduarte@nomeEmpresa.com,2012-01-15,Promotor de Vendas
80297,José Sousa,Cunha,josecunha@nomeEmpresa.com,2009-07-07,Promotor de Vendas
80298,Gabriel Rodrigues,Monteiro,gabrielmonteiro@nomeEmpresa.com,2004-06-20,Vendedor Interno
80299,Aurora Caldeira,Gonçalves,caldeiragoncalves@nomeEmpresa.com,2023-02-06,Telemarketing
80300,Alícia Garcia,Gomes,garciagomes@nomeEmpresa.com,2011-01-20,Vendedor Externo
80301,Luiz Sousa,Machado,luizmachado@nomeEmpresa.com,2007-04-08,Vendedor Interno
80302,Sarah Correia,Garcia,correiagarcia@nomeEmpresa.com,2017-08-04,Vendedor Interno
80303,Caio Aparecida,Pimenta,aparecidapimenta@nomeEmpresa.com,2006-11-06,Vendedor Interno
80304,Miguel Rocha,Vargas,miguelvargas@nomeEmpresa.com,2004-05-06,Telemarketing
80305,Valentim Mendonça,Moreira,mendoncamoreira@nomeEmpresa.com,2023-12-29,Vendedor Interno
80306,Anthony Camargo,Silveira,camargosilveira@nomeEmpresa.com,2010-07-10,Vendedor Interno
80307,Lorena Leão,Camargo,leaocamargo@nomeEmpresa.com,2006-09-26,Promotor de Vendas
80308,Stephany da,Pastor,stephanypastor@nomeEmpresa.com,2004-10-23,Promotor de Vendas
80309,Sarah Camargo,Paz,camargopaz@nomeEmpresa.com,2023-06-08,Vendedor Interno
80310,Liz Araújo,Costa,lizcosta@nomeEmpresa.com,2008-07-29,Vendedor Interno
80311,Paulo Silveira,Marques,silveiramarques@nomeEmpresa.com,2005-03-05,Telemarketing
80312,Hadassa Aparecida,Sales,aparecidasales@nomeEmpresa.com,2008-02-29,Vendedor Interno
80313,Henry Gonçalves,Mendonça,goncalvesmendonca@nomeEmpresa.com,2013-03-28,Vendedor Interno
80314,Isaque Siqueira,Correia,siqueiracorreia@nomeEmpresa.com,2022-10-03,Vendedor Externo
80315,Maysa Campos,Grande,camposgrande@nomeEmpresa.com,2008-02-29,Promotor de Vendas
80316,Alana Silva,Brito,silvabrito@nomeEmpresa.com,2012-04-11,Vendedor Externo
80317,Vinícius Ribeiro,Cavalcanti,ribeirocavalcanti@nomeEmpresa.com,2008-11-04,Vendedor Interno
80318,Maria Marques,Paz,marquespaz@nomeEmpresa.com,2019-11-21,Promotor de Vendas
80319,Brayan Siqueira,Machado,siqueiramachado@nomeEmpresa.com,2012-11-24,Vendedor Interno
80320,Isabela Oliveira,Silveira,oliveirasilveira@nomeEmpresa.com,2009-10-30,Telemarketing
80321,Mateus Peixoto,Vieira,peixotovieira@nomeEmpresa.com,2006-04-11,Telemarketing
80322,Esther Siqueira,Borges,estherborges@nomeEmpresa.com,2014-04-05,Vendedor Externo
80323,Miguel Marques,Borges,miguelborges@nomeEmpresa.com,2020-05-31,Vendedor Externo
80324,Guilherme Fogaça,Sousa,guilhermesousa@nomeEmpresa.com,2009-07-31,Vendedor Externo
80325,Pedro Novais,Cassiano,pedrocassiano@nomeEmpresa.com,2013-12-18,Vendedor Externo
80326,Lucas Pinto,Mata,pintomata@nomeEmpresa.com,2006-11-11,Vendedor Interno
80327,Francisco Abreu,Martins,abreumartins@nomeEmpresa.com,2013-06-23,Vendedor Interno
80328,Luiz Fernando,Ramos,luizramos@nomeEmpresa.com,2022-06-20,Vendedor Externo
80329,Matteo Lopes,Mendonça,lopesmendonca@nomeEmpresa.com,2009-03-25,Vendedor Externo
80330,Emanuel Silveira,Pimenta,silveirapimenta@nomeEmpresa.com,2019-07-12,Vendedor Interno
80331,Gabriel Monteiro,Rosa,gabrielrosa@nomeEmpresa.com,2023-01-17,Vendedor Interno
80332,Melissa Peixoto,Pinto,peixotopinto@nomeEmpresa.com,2007-12-27,Vendedor Externo
80333,Diego Ribeiro,Melo,ribeiromelo@nomeEmpresa.com,2022-03-15,Vendedor Interno
80334,Hadassa Pereira,Conceição,hadassaconceicao@nomeEmpresa.com,2008-04-11,Telemarketing
80335,Miguel Peixoto,Rios,miguelrios@nomeEmpresa.com,2016-01-11,Vendedor Interno
80336,Ana Pires,Cruz,pirescruz@nomeEmpresa.com,2015-07-21,Telemarketing
80337,Manuela Brito,Silva,britosilva@nomeEmpresa.com,2024-04-28,Vendedor Interno
80338,Agatha Peixoto,Conceição,agathaconceicao@nomeEmpresa.com,2024-08-24,Telemarketing
80339,Kamilly Correia,Peixoto,correiapeixoto@nomeEmpresa.com,2005-10-04,Vendedor Interno
80340,da Rosa,Ramos,daramos@nomeEmpresa.com,2004-07-11,Vendedor Interno
80341,Antonella Pires,Rodrigues,antonellarodrigues@nomeEmpresa.com,2016-08-10,Telemarketing
80342,Hugo Castro,Vieira,hugovieira@nomeEmpresa.com,2007-04-12,Telemarketing
80343,Matheus Porto,Cruz,matheuscruz@nomeEmpresa.com,2009-01-10,Telemarketing
80344,Lara Brito,Viana,britoviana@nomeEmpresa.com,2006-06-27,Promotor de Vendas
80345,Lucas Brito,Rosa,britorosa@nomeEmpresa.com,2013-10-27,Vendedor Interno
80346,Beatriz Sales,Melo,beatrizmelo@nomeEmpresa.com,2008-07-28,Vendedor Externo
80347,Pietra Brito,Cassiano,pietracassiano@nomeEmpresa.com,2011-04-05,Vendedor Externo
80348,Alice Teixeira,Cunha,teixeiracunha@nomeEmpresa.com,2024-05-06,Vendedor Interno
80349,Lucca Nunes,Pires,luccapires@nomeEmpresa.com,2010-08-31,Vendedor Interno
80350,Miguel Correia,Vargas,miguelvargas@nomeEmpresa.com,2007-04-23,Telemarketing
80351,Thomas Costela,Mendes,costelamendes@nomeEmpresa.com,2013-10-07,Vendedor Interno
80352,Henrique Ramos,Araújo,henriquearaujo@nomeEmpresa.com,2007-08-13,Vendedor Interno
80353,Clara Silva,Pacheco,clarapacheco@nomeEmpresa.com,2003-12-02,Vendedor Interno
80354,Emanuelly Viana,Alves,vianaalves@nomeEmpresa.com,2020-09-13,Vendedor Externo
80355,Pedro Oliveira,Caldeira,oliveiracaldeira@nomeEmpresa.com,2023-07-08,Vendedor Externo
80356,Eduarda Castro,Sousa,eduardasousa@nomeEmpresa.com,2016-03-29,Telemarketing
80357,Noah Cavalcanti,Silva,noahsilva@nomeEmpresa.com,2018-07-08,Telemarketing
80358,Marcela Cunha,Garcia,cunhagarcia@nomeEmpresa.com,2021-12-20,Telemarketing
80359,da Rocha,Sales,dasales@nomeEmpresa.com,2014-09-15,Promotor de Vendas
80360,Henrique Peixoto,Pires,henriquepires@nomeEmpresa.com,2015-08-27,Vendedor Interno
80361,Gabriela Leão,Rocha,leaorocha@nomeEmpresa.com,2021-02-23,Telemarketing
80362,da Cunha,Ferreira,daferreira@nomeEmpresa.com,2007-09-21,Vendedor Externo
80363,Rodrigo Gonçalves,Barros,rodrigobarros@nomeEmpresa.com,2006-05-24,Vendedor Interno
80364,Pedro Duarte,Rezende,duarterezende@nomeEmpresa.com,2006-06-08,Consultor de Vendas
80365,Leandro Pinto,Garcia,pintogarcia@nomeEmpresa.com,2017-11-04,Vendedor Interno
80366,Noah Cavalcante,Caldeira,cavalcantecaldeira@nomeEmpresa.com,2018-10-09,Promotor de Vendas
80367,Heloisa Barbosa,Gonçalves,barbosagoncalves@nomeEmpresa.com,2008-06-21,Vendedor Externo
80368,da Mata,Campos,dacampos@nomeEmpresa.com,2004-11-08,Vendedor Interno
80369,Emanuella Moraes,Cirino,moraescirino@nomeEmpresa.com,2008-11-13,Telemarketing
80370,Gustavo Cirino,Rocha,cirinorocha@nomeEmpresa.com,2013-06-25,Consultor de Vendas
80371,Stephany Nunes,Macedo,nunesmacedo@nomeEmpresa.com,2014-08-13,Promotor de Vendas
80372,Maria da,Jesus,mariajesus@nomeEmpresa.com,2010-06-01,Vendedor Interno
80373,Eduarda Correia,Gomes,eduardagomes@nomeEmpresa.com,2009-02-06,Telemarketing
80374,Cecília Castro,Silva,ceciliasilva@nomeEmpresa.com,2018-07-13,Telemarketing
80375,Mathias Porto,Rocha,portorocha@nomeEmpresa.com,2010-12-18,Vendedor Interno
80376,Lívia Caldeira,Andrade,liviaandrade@nomeEmpresa.com,2017-04-20,Vendedor Interno
80377,Pietra da,Ramos,pietraramos@nomeEmpresa.com,2019-08-24,Vendedor Interno
80378,Hellena Carvalho,Melo,carvalhomelo@nomeEmpresa.com,2014-02-17,Consultor de Vendas
80379,Enzo Duarte,Andrade,duarteandrade@nomeEmpresa.com,2004-09-08,Vendedor Externo
80380,Henrique Teixeira,Jesus,henriquejesus@nomeEmpresa.com,2018-04-03,Vendedor Interno
80381,Matteo Abreu,Luz,matteoluz@nomeEmpresa.com,2019-12-03,Vendedor Externo
80382,Júlia da,Teixeira,juliateixeira@nomeEmpresa.com,2018-09-16,Telemarketing
80383,Amanda Almeida,Santos,almeidasantos@nomeEmpresa.com,2006-03-19,Telemarketing
80384,Natália Fernandes,Porto,fernandesporto@nomeEmpresa.com,2013-10-05,Vendedor Interno
80385,Rebeca Nascimento,Costela,nascimentocostela@nomeEmpresa.com,2016-11-17,Vendedor Interno
80386,Matheus Gonçalves,Fernandes,goncalvesfernandes@nomeEmpresa.com,2019-01-12,Vendedor Interno
80387,da Paz,Mendonça,damendonca@nomeEmpresa.com,2020-03-22,Vendedor Interno
80388,Liz Castro,Pacheco,castropacheco@nomeEmpresa.com,2005-02-06,Vendedor Interno
80389,Dom Cavalcante,Grande,cavalcantegrande@nomeEmpresa.com,2020-03-16,Promotor de Vendas
80390,Nicolas da,Ramos,nicolasramos@nomeEmpresa.com,2010-06-18,Vendedor Interno
80391,Oliver Macedo,Guerra,macedoguerra@nomeEmpresa.com,2014-12-03,Promotor de Vendas
80392,Ravi Caldeira,Barros,caldeirabarros@nomeEmpresa.com,2009-05-12,Vendedor Interno
80393,Ayla Pereira,Pacheco,pereirapacheco@nomeEmpresa.com,2011-12-14,Vendedor Interno
80394,Camila Siqueira,Correia,siqueiracorreia@nomeEmpresa.com,2007-02-16,Telemarketing
80395,Augusto Rezende,Barbosa,rezendebarbosa@nomeEmpresa.com,2024-04-21,Consultor de Vendas
80396,Bruna Monteiro,Montenegro,brunamontenegro@nomeEmpresa.com,2010-07-31,Vendedor Externo
80397,Benício Duarte,Mendonça,duartemendonca@nomeEmpresa.com,2023-10-26,Telemarketing
80398,da Costa,Machado,damachado@nomeEmpresa.com,2020-05-09,Vendedor Interno
80399,Laís Teixeira,Siqueira,teixeirasiqueira@nomeEmpresa.com,2016-02-16,Vendedor Externo
80400,Stella Vargas,Fonseca,vargasfonseca@nomeEmpresa.com,2018-06-05,Vendedor Externo
80401,Pedro Costa,Mendonça,pedromendonca@nomeEmpresa.com,2008-02-19,Vendedor Interno
80402,Eduardo Pastor,Rezende,eduardorezende@nomeEmpresa.com,2019-01-12,Telemarketing
80403,Luana Pacheco,Guerra,pachecoguerra@nomeEmpresa.com,2018-02-22,Consultor de Vendas
80404,Luan Barbosa,Alves,barbosaalves@nomeEmpresa.com,2024-08-22,Vendedor Interno
80405,Sophia Pastor,Rocha,pastorrocha@nomeEmpresa.com,2015-08-18,Telemarketing
80406,Alice Aragão,Pires,alicepires@nomeEmpresa.com,2016-03-22,Telemarketing
80407,Vinícius Gomes,Ferreira,gomesferreira@nomeEmpresa.com,2015-04-25,Vendedor Interno
80408,Gabriel Moraes,Cunha,gabrielcunha@nomeEmpresa.com,2018-03-11,Telemarketing
80409,Felipe Ferreira,Castro,felipecastro@nomeEmpresa.com,2019-07-28,Vendedor Externo
80410,Kaique Mendes,Barbosa,mendesbarbosa@nomeEmpresa.com,2011-03-06,Telemarketing
80411,Laura Pimenta,Cunha,lauracunha@nomeEmpresa.com,2009-11-02,Vendedor Interno
80412,Thomas Pimenta,Nascimento,pimentanascimento@nomeEmpresa.com,2008-04-27,Vendedor Interno
80413,Catarina Porto,Melo,portomelo@nomeEmpresa.com,2010-10-06,Telemarketing
80414,Henrique Guerra,Mendes,guerramendes@nomeEmpresa.com,2010-03-29,Telemarketing
80415,Helena Pastor,Conceição,pastorconceicao@nomeEmpresa.com,2013-06-15,Telemarketing
80416,Ísis Pires,Duarte,piresduarte@nomeEmpresa.com,2013-12-07,Vendedor Interno
80417,Cecilia Câmara,Sousa,camarasousa@nomeEmpresa.com,2023-05-16,Vendedor Interno
80418,Stella Sampaio,Lima,sampaiolima@nomeEmpresa.com,2010-06-24,Promotor de Vendas
80419,Mariah Melo,Rezende,melorezende@nomeEmpresa.com,2022-02-24,Promotor de Vendas
80420,Casa Grande,Martins,casamartins@nomeEmpresa.com,2010-12-01,Vendedor Interno
80421,Letícia Cunha,Ferreira,leticiaferreira@nomeEmpresa.com,2014-09-15,Vendedor Interno
80422,Yago Gonçalves,Cardoso,goncalvescardoso@nomeEmpresa.com,2004-11-24,Promotor de Vendas
80423,Laura Cavalcante,Fernandes,cavalcantefernandes@nomeEmpresa.com,2020-11-27,Vendedor Externo
80424,Liz das,Mendes,lizmendes@nomeEmpresa.com,2006-10-06,Vendedor Externo
80425,Antonella Moura,Nascimento,mouranascimento@nomeEmpresa.com,2013-02-04,Telemarketing
80426,Pedro Costa,Barbosa,costabarbosa@nomeEmpresa.com,2004-08-23,Vendedor Externo
80427,Bento Castro,Machado,castromachado@nomeEmpresa.com,2014-05-22,Telemarketing
80428,Mariana Barbosa,Castro,barbosacastro@nomeEmpresa.com,2014-03-10,Telemarketing
80429,Miguel da,Cavalcanti,miguelcavalcanti@nomeEmpresa.com,2016-11-12,Vendedor Externo
80430,Julia Nascimento,Cunha,nascimentocunha@nomeEmpresa.com,2006-09-04,Telemarketing
80431,Liz Monteiro,Rocha,lizrocha@nomeEmpresa.com,2017-01-06,Vendedor Externo
80432,Manuela Albuquerque,Vieira,albuquerquevieira@nomeEmpresa.com,2018-01-16,Telemarketing
80433,Yago Nascimento,Moura,nascimentomoura@nomeEmpresa.com,2015-06-24,Vendedor Externo
80434,Juliana Vargas,Cavalcante,vargascavalcante@nomeEmpresa.com,2010-06-16,Vendedor Externo
80435,Carlos Eduardo,Duarte,carlosduarte@nomeEmpresa.com,2019-04-30,Vendedor Interno
80436,Leonardo Camargo,Moreira,leonardomoreira@nomeEmpresa.com,2011-08-11,Promotor de Vendas
80437,Beatriz Siqueira,Cruz,siqueiracruz@nomeEmpresa.com,2005-11-30,Vendedor Interno
80438,Ana Carolina,Araújo,anaaraujo@nomeEmpresa.com,2015-03-05,Vendedor Interno
80439,da Luz,Duarte,daduarte@nomeEmpresa.com,2020-05-08,Telemarketing
80440,Lívia Abreu,Silveira,abreusilveira@nomeEmpresa.com,2023-06-09,Vendedor Externo
80441,Julia Sá,Freitas,juliafreitas@nomeEmpresa.com,2024-01-19,Promotor de Vendas
80442,Melissa Cunha,Novaes,cunhanovaes@nomeEmpresa.com,2016-01-09,Vendedor Externo
80443,Rafael Lopes,Mendonça,lopesmendonca@nomeEmpresa.com,2024-02-13,Telemarketing
80444,Felipe Rezende,Cirino,felipecirino@nomeEmpresa.com,2023-12-03,Telemarketing
80445,Otávio Carvalho,Albuquerque,otavioalbuquerque@nomeEmpresa.com,2020-09-14,Telemarketing
80446,Manuela Santos,Monteiro,santosmonteiro@nomeEmpresa.com,2010-09-05,Vendedor Interno
80447,Luiz Santos,Macedo,luizmacedo@nomeEmpresa.com,2011-12-04,Vendedor Interno
80448,Apollo Melo,Garcia,melogarcia@nomeEmpresa.com,2024-07-07,Vendedor Interno
80449,Helena Montenegro,Mota,montenegromota@nomeEmpresa.com,2015-09-01,Vendedor Interno
80450,Henry Rezende,Nunes,rezendenunes@nomeEmpresa.com,2015-10-02,Consultor de Vendas
80451,Dom Novaes,Rezende,novaesrezende@nomeEmpresa.com,2006-03-05,Vendedor Interno
80452,Clara Novais,Cardoso,novaiscardoso@nomeEmpresa.com,2005-01-05,Telemarketing
80453,Gabriel Cassiano,Luz,gabrielluz@nomeEmpresa.com,2023-09-13,Vendedor Interno
80454,Arthur Miguel,Freitas,arthurfreitas@nomeEmpresa.com,2016-07-28,Vendedor Interno
80455,da Paz,Cardoso,dacardoso@nomeEmpresa.com,2016-10-12,Vendedor Interno
80456,Aylla Melo,Borges,meloborges@nomeEmpresa.com,2018-12-14,Vendedor Externo
80457,Maria Fernanda,Silva,mariasilva@nomeEmpresa.com,2014-02-12,Telemarketing
80458,Julia Alves,Mendes,juliamendes@nomeEmpresa.com,2017-04-07,Telemarketing
80459,Francisco Pereira,Vieira,pereiravieira@nomeEmpresa.com,2014-06-11,Telemarketing
80460,da Luz,Silveira,dasilveira@nomeEmpresa.com,2021-12-31,Vendedor Externo
80461,da Rocha,Pereira,dapereira@nomeEmpresa.com,2008-09-24,Vendedor Externo
80462,Yasmin da,Farias,yasminfarias@nomeEmpresa.com,2018-05-18,Telemarketing
80463,Catarina Sá,Caldeira,catarinacaldeira@nomeEmpresa.com,2012-04-23,Vendedor Interno
80464,Joaquim Novaes,Guerra,novaesguerra@nomeEmpresa.com,2013-12-13,Vendedor Interno
80465,Pietro Marques,Araújo,marquesaraujo@nomeEmpresa.com,2010-06-15,Vendedor Externo
80466,Jade Sousa,Santos,sousasantos@nomeEmpresa.com,2010-02-07,Promotor de Vendas
80467,Evelyn Lima,Mata,evelynmata@nomeEmpresa.com,2014-07-09,Vendedor Externo
80468,Liz Vasconcelos,Melo,lizmelo@nomeEmpresa.com,2023-05-23,Vendedor Interno
80469,Pietra Aragão,Ribeiro,aragaoribeiro@nomeEmpresa.com,2020-02-02,Vendedor Interno
80470,Alice Pacheco,Mata,pachecomata@nomeEmpresa.com,2004-06-23,Vendedor Interno
80471,Heitor Rocha,Moura,rochamoura@nomeEmpresa.com,2007-02-02,Vendedor Interno
80472,Matteo Machado,Caldeira,machadocaldeira@nomeEmpresa.com,2010-03-12,Telemarketing
80473,Fernando Pacheco,Nunes,fernandonunes@nomeEmpresa.com,2009-06-12,Vendedor Interno
80474,Fernando Guerra,Moura,fernandomoura@nomeEmpresa.com,2018-07-21,Vendedor Interno
80475,Alexia Pinto,Borges,pintoborges@nomeEmpresa.com,2022-12-21,Vendedor Interno
80476,Luiza da,Fernandes,luizafernandes@nomeEmpresa.com,2014-06-19,Vendedor Interno
80477,Mirella Cassiano,Correia,cassianocorreia@nomeEmpresa.com,2022-09-20,Vendedor Externo
80478,Thomas Silveira,Nunes,thomasnunes@nomeEmpresa.com,2020-10-20,Vendedor Interno
80479,Benicio Pacheco,Souza,pachecosouza@nomeEmpresa.com,2004-12-07,Vendedor Externo
80480,Nicole Sousa,Aragão,sousaaragao@nomeEmpresa.com,2019-12-04,Vendedor Interno
80481,Lucca Costa,Rezende,luccarezende@nomeEmpresa.com,2020-09-01,Vendedor Externo
80482,Joana Sousa,Siqueira,sousasiqueira@nomeEmpresa.com,2023-09-09,Vendedor Interno
80483,Marina Albuquerque,Rezende,marinarezende@nomeEmpresa.com,2024-10-02,Telemarketing
80484,Felipe Câmara,Ramos,feliperamos@nomeEmpresa.com,2020-07-20,Vendedor Externo
80485,Isabela Fogaça,Pereira,fogacapereira@nomeEmpresa.com,2012-12-10,Telemarketing
80486,Henrique Gomes,Fonseca,henriquefonseca@nomeEmpresa.com,2018-03-30,Vendedor Interno
80487,da Costa,Rocha,darocha@nomeEmpresa.com,2023-05-18,Vendedor Interno
80488,Benjamin Almeida,Fonseca,almeidafonseca@nomeEmpresa.com,2020-05-17,Vendedor Interno
80489,Emanuella Rezende,Silveira,rezendesilveira@nomeEmpresa.com,2004-11-26,Vendedor Externo
80490,Sabrina Mendes,Ribeiro,mendesribeiro@nomeEmpresa.com,2021-08-13,Consultor de Vendas
80491,Samuel Moura,Marques,mouramarques@nomeEmpresa.com,2004-10-18,Consultor de Vendas
80492,Cecilia Ramos,Nunes,ramosnunes@nomeEmpresa.com,2021-09-26,Vendedor Interno
80493,Cecília Nascimento,Jesus,ceciliajesus@nomeEmpresa.com,2005-10-15,Promotor de Vendas
80494,Carolina da,Camargo,carolinacamargo@nomeEmpresa.com,2008-11-16,Vendedor Interno
80495,Samuel Castro,Ribeiro,castroribeiro@nomeEmpresa.com,2009-12-20,Vendedor Interno
80496,Marcos Vinicius,Aragão,marcosaragao@nomeEmpresa.com,2015-03-03,Vendedor Externo
80497,Bella Moura,Luz,bellaluz@nomeEmpresa.com,2017-04-03,Promotor de Vendas
80498,Maria Flor,Gonçalves,mariagoncalves@nomeEmpresa.com,2009-09-10,Telemarketing
80499,Arthur Borges,Freitas,borgesfreitas@nomeEmpresa.com,2019-01-30,Vendedor Interno
80500,Apollo Cardoso,Cunha,cardosocunha@nomeEmpresa.com,2014-11-11,Vendedor Externo
80501,Henrique Cavalcanti,Viana,henriqueviana@nomeEmpresa.com,2007-07-22,Vendedor Interno
80502,Ian Sousa,Melo,ianmelo@nomeEmpresa.com,2011-08-12,Vendedor Interno
80503,Cauê Leão,Moreira,cauemoreira@nomeEmpresa.com,2011-05-12,Vendedor Externo
80504,Sabrina Fonseca,Machado,sabrinamachado@nomeEmpresa.com,2004-01-08,Vendedor Interno
80505,Ísis Mendes,Novaes,mendesnovaes@nomeEmpresa.com,2005-02-06,Telemarketing
80506,Melina Duarte,Jesus,duartejesus@nomeEmpresa.com,2023-03-01,Telemarketing
80507,Gustavo Sales,Sá,gustavosa@nomeEmpresa.com,2008-02-10,Vendedor Externo
80508,Beatriz Alves,Rezende,beatrizrezende@nomeEmpresa.com,2022-03-01,Vendedor Interno
80509,Luísa Leão,Barros,leaobarros@nomeEmpresa.com,2013-06-21,Vendedor Interno
80510,Bruna Siqueira,Cruz,brunacruz@nomeEmpresa.com,2018-06-22,Telemarketing
80511,Rodrigo Nogueira,Freitas,nogueirafreitas@nomeEmpresa.com,2015-10-06,Vendedor Interno
80512,Juliana Fonseca,Cruz,fonsecacruz@nomeEmpresa.com,2013-07-28,Vendedor Interno
80513,Gabriel Barbosa,Ramos,gabrielramos@nomeEmpresa.com,2024-05-14,Vendedor Externo
80514,Dom Barbosa,Peixoto,barbosapeixoto@nomeEmpresa.com,2010-03-04,Promotor de Vendas
80515,Benicio Souza,Pacheco,souzapacheco@nomeEmpresa.com,2012-01-08,Vendedor Interno
80516,Kamilly Marques,Brito,kamillybrito@nomeEmpresa.com,2021-10-14,Vendedor Interno
80517,da Rosa,Peixoto,dapeixoto@nomeEmpresa.com,2020-11-25,Vendedor Interno
80518,da Paz,Almeida,daalmeida@nomeEmpresa.com,2022-07-04,Vendedor Externo
80519,Sophia Cirino,Sales,sophiasales@nomeEmpresa.com,2006-11-27,Vendedor Externo
80520,Jade Fonseca,Sales,fonsecasales@nomeEmpresa.com,2013-11-04,Telemarketing
80521,Bárbara Cassiano,Brito,barbarabrito@nomeEmpresa.com,2012-01-13,Vendedor Interno
80522,Ana Novaes,Cruz,novaescruz@nomeEmpresa.com,2006-02-10,Telemarketing
80523,Vitória Siqueira,Azevedo,vitoriaazevedo@nomeEmpresa.com,2019-07-06,Vendedor Interno
80524,Oliver Lopes,Fogaça,lopesfogaca@nomeEmpresa.com,2014-06-07,Telemarketing
80525,Lucca Caldeira,Aragão,caldeiraaragao@nomeEmpresa.com,2023-09-24,Promotor de Vendas
80526,Isaque Camargo,Brito,camargobrito@nomeEmpresa.com,2024-01-19,Vendedor Interno
80527,Apollo Macedo,Montenegro,apollomontenegro@nomeEmpresa.com,2008-09-06,Vendedor Interno
80528,Casa Grande,Peixoto,casapeixoto@nomeEmpresa.com,2015-03-17,Vendedor Externo
80529,da Mata,Siqueira,dasiqueira@nomeEmpresa.com,2006-12-07,Telemarketing
80530,Danilo Novais,Grande,novaisgrande@nomeEmpresa.com,2013-12-23,Telemarketing
80531,Benício Leão,Grande,leaogrande@nomeEmpresa.com,2010-11-16,Promotor de Vendas
80532,Maitê Gonçalves,Rocha,goncalvesrocha@nomeEmpresa.com,2010-05-05,Telemarketing
80533,Gabriel Caldeira,Moreira,gabrielmoreira@nomeEmpresa.com,2008-07-19,Promotor de Vendas
80534,Emanuella Nascimento,Neves,nascimentoneves@nomeEmpresa.com,2008-11-10,Promotor de Vendas
80535,Danilo Silveira,Ribeiro,silveiraribeiro@nomeEmpresa.com,2011-08-17,Vendedor Externo
80536,Luiza Caldeira,Neves,luizaneves@nomeEmpresa.com,2003-12-27,Telemarketing
80537,Henrique Duarte,Neves,duarteneves@nomeEmpresa.com,2018-12-15,Telemarketing
80538,Catarina Moreira,Grande,moreiragrande@nomeEmpresa.com,2018-12-15,Vendedor Interno
80539,Ana Jesus,Costa,jesuscosta@nomeEmpresa.com,2021-01-28,Telemarketing
80540,Fernando Rios,Moreira,riosmoreira@nomeEmpresa.com,2021-01-09,Consultor de Vendas
80541,Vinicius Gonçalves,Ramos,goncalvesramos@nomeEmpresa.com,2016-06-23,Telemarketing
80542,Alana Sales,Farias,alanafarias@nomeEmpresa.com,2009-08-16,Vendedor Interno
80543,Vitória Pinto,Mendes,pintomendes@nomeEmpresa.com,2015-04-09,Vendedor Interno
80544,Lívia Peixoto,Cirino,liviacirino@nomeEmpresa.com,2023-11-02,Telemarketing
80545,Stephany Caldeira,Cirino,caldeiracirino@nomeEmpresa.com,2021-04-15,Vendedor Interno
80546,Apollo Montenegro,Santos,apollosantos@nomeEmpresa.com,2006-12-02,Vendedor Externo
80547,da Rocha,Andrade,daandrade@nomeEmpresa.com,2024-10-11,Promotor de Vendas
80548,da Cruz,Almeida,daalmeida@nomeEmpresa.com,2018-03-22,Telemarketing
80549,Eduarda Ramos,Mota,ramosmota@nomeEmpresa.com,2006-08-20,Vendedor Interno
80550,da Rocha,Nunes,danunes@nomeEmpresa.com,2020-07-03,Vendedor Interno
80551,Rodrigo Silva,Ribeiro,silvaribeiro@nomeEmpresa.com,2012-04-04,Vendedor Interno
80552,Luan da,Peixoto,luanpeixoto@nomeEmpresa.com,2019-09-01,Vendedor Externo
80553,Esther Cavalcanti,Costa,cavalcanticosta@nomeEmpresa.com,2004-06-01,Vendedor Interno
80554,Rafaela Mendonça,Teixeira,mendoncateixeira@nomeEmpresa.com,2024-02-10,Vendedor Interno
80555,da Cunha,Leão,daleao@nomeEmpresa.com,2008-03-29,Telemarketing
80556,Vitória Peixoto,Abreu,vitoriaabreu@nomeEmpresa.com,2019-03-07,Vendedor Externo
80557,Cauã Souza,Rezende,souzarezende@nomeEmpresa.com,2024-08-14,Vendedor Interno
80558,da Conceição,Costa,dacosta@nomeEmpresa.com,2017-08-28,Vendedor Externo
80559,Ana Rezende,Cavalcanti,anacavalcanti@nomeEmpresa.com,2021-06-17,Telemarketing
80560,Laura da,Nunes,lauranunes@nomeEmpresa.com,2015-03-15,Telemarketing
80561,da Rocha,Melo,damelo@nomeEmpresa.com,2011-02-22,Vendedor Interno
80562,Pedro Henrique,Alves,pedroalves@nomeEmpresa.com,2015-01-05,Consultor de Vendas
80563,Benjamim Silva,Vasconcelos,silvavasconcelos@nomeEmpresa.com,2016-02-24,Promotor de Vendas
80564,Isaque Teixeira,Castro,teixeiracastro@nomeEmpresa.com,2009-07-11,Vendedor Interno
80565,Agatha Martins,Costa,martinscosta@nomeEmpresa.com,2007-03-28,Vendedor Interno
80566,Liz Pinto,Carvalho,lizcarvalho@nomeEmpresa.com,2005-06-22,Vendedor Externo
80567,Bianca Correia,Mota,correiamota@nomeEmpresa.com,2010-12-28,Vendedor Externo
80568,Diego Silva,Guerra,silvaguerra@nomeEmpresa.com,2021-10-18,Vendedor Externo
80569,Rafaela Santos,Teixeira,santosteixeira@nomeEmpresa.com,2004-11-15,Vendedor Externo
80570,Miguel Rocha,Sousa,miguelsousa@nomeEmpresa.com,2015-11-30,Vendedor Interno
80571,Luana Rezende,Neves,rezendeneves@nomeEmpresa.com,2017-12-12,Vendedor Externo
80572,Renan Pastor,Montenegro,pastormontenegro@nomeEmpresa.com,2012-07-05,Telemarketing
80573,Joana Brito,Porto,britoporto@nomeEmpresa.com,2007-11-28,Telemarketing
80574,Vinicius Nascimento,Conceição,viniciusconceicao@nomeEmpresa.com,2005-07-10,Telemarketing
80575,Liz Pires,Aparecida,piresaparecida@nomeEmpresa.com,2021-04-02,Vendedor Interno
80576,Antônio Nascimento,Moura,nascimentomoura@nomeEmpresa.com,2004-04-11,Telemarketing
80577,Nathan Cavalcante,Andrade,cavalcanteandrade@nomeEmpresa.com,2023-02-14,Vendedor Interno
80578,Danilo Almeida,Martins,almeidamartins@nomeEmpresa.com,2007-11-21,Vendedor Interno
80579,Thiago Marques,Viana,marquesviana@nomeEmpresa.com,2008-12-24,Vendedor Externo
80580,Bernardo Mendonça,Aparecida,mendoncaaparecida@nomeEmpresa.com,2021-04-09,Telemarketing
80581,da Cruz,Ramos,daramos@nomeEmpresa.com,2020-04-21,Telemarketing
80582,Thiago Garcia,Sales,garciasales@nomeEmpresa.com,2021-05-25,Vendedor Externo
80583,Valentina Guerra,Mendonça,guerramendonca@nomeEmpresa.com,2009-03-28,Vendedor Interno
80584,Miguel Lopes,Cruz,miguelcruz@nomeEmpresa.com,2007-02-15,Promotor de Vendas
80585,Isis Melo,Fernandes,melofernandes@nomeEmpresa.com,2004-12-13,Vendedor Interno
80586,Henrique Vieira,Dias,vieiradias@nomeEmpresa.com,2018-09-19,Vendedor Interno
80587,Luísa Ramos,Araújo,ramosaraujo@nomeEmpresa.com,2005-10-21,Telemarketing
80588,Vinícius Farias,Cavalcanti,fariascavalcanti@nomeEmpresa.com,2009-09-01,Vendedor Interno
80589,Anna Liz,Vargas,annavargas@nomeEmpresa.com,2022-03-16,Telemarketing
80590,Marcelo Sampaio,Rios,sampaiorios@nomeEmpresa.com,2020-11-21,Vendedor Interno
80591,Luna Santos,Nogueira,santosnogueira@nomeEmpresa.com,2006-06-25,Telemarketing
80592,Olivia Ferreira,Mata,oliviamata@nomeEmpresa.com,2011-02-07,Telemarketing
80593,Matteo Nogueira,Cruz,nogueiracruz@nomeEmpresa.com,2024-03-10,Vendedor Interno
80594,Lavínia Albuquerque,Paz,albuquerquepaz@nomeEmpresa.com,2011-06-28,Vendedor Interno
80595,da Luz,Cardoso,dacardoso@nomeEmpresa.com,2022-12-02,Vendedor Interno
80596,Valentim Ferreira,Ribeiro,valentimribeiro@nomeEmpresa.com,2005-06-12,Vendedor Externo
80597,Yago Melo,Fonseca,melofonseca@nomeEmpresa.com,2022-02-03,Vendedor Interno
80598,Lucca Garcia,Caldeira,luccacaldeira@nomeEmpresa.com,2014-01-05,Promotor de Vendas
80599,Stella Nogueira,Vieira,nogueiravieira@nomeEmpresa.com,2014-01-30,Vendedor Interno
80600,Maitê Câmara,Aragão,maitearagao@nomeEmpresa.com,2008-08-25,Vendedor Interno
80601,Arthur Nogueira,Novais,nogueiranovais@nomeEmpresa.com,2010-06-29,Vendedor Externo
80602,Dom Andrade,Ramos,andraderamos@nomeEmpresa.com,2021-08-22,Vendedor Externo
80603,Ravi Lucca,Câmara,ravicamara@nomeEmpresa.com,2023-11-30,Vendedor Interno
80604,Laís Barros,Rios,barrosrios@nomeEmpresa.com,2014-11-16,Vendedor Interno
80605,Luiza Monteiro,Azevedo,monteiroazevedo@nomeEmpresa.com,2007-01-21,Promotor de Vendas
80606,Marcelo Sá,Moraes,samoraes@nomeEmpresa.com,2018-11-04,Vendedor Interno
80607,Nathan Brito,Albuquerque,britoalbuquerque@nomeEmpresa.com,2015-12-06,Vendedor Interno
80608,Nicole Carvalho,Silveira,nicolesilveira@nomeEmpresa.com,2006-07-25,Promotor de Vendas
80609,Gabriel Ribeiro,Azevedo,gabrielazevedo@nomeEmpresa.com,2016-03-10,Vendedor Externo
80610,Arthur Cassiano,Vargas,cassianovargas@nomeEmpresa.com,2006-10-28,Vendedor Interno
80611,Noah Ramos,Rosa,noahrosa@nomeEmpresa.com,2008-12-05,Vendedor Externo
80612,Júlia Melo,Câmara,juliacamara@nomeEmpresa.com,2015-04-22,Telemarketing
80613,Gabriel Nogueira,Cavalcante,gabrielcavalcante@nomeEmpresa.com,2004-08-03,Vendedor Interno
80614,Beatriz Vasconcelos,Moreira,vasconcelosmoreira@nomeEmpresa.com,2005-07-08,Vendedor Interno
80615,Samuel Castro,Câmara,castrocamara@nomeEmpresa.com,2020-11-18,Telemarketing
80616,Vitória Mendonça,Sales,mendoncasales@nomeEmpresa.com,2022-07-26,Telemarketing
80617,Yuri Araújo,Pereira,araujopereira@nomeEmpresa.com,2010-08-22,Vendedor Interno
80618,Isis Cardoso,Pires,isispires@nomeEmpresa.com,2011-06-27,Vendedor Interno
80619,Ayla Freitas,Camargo,freitascamargo@nomeEmpresa.com,2022-03-25,Telemarketing
80620,Leandro Pacheco,Viana,pachecoviana@nomeEmpresa.com,2018-12-06,Vendedor Externo
80621,Melina Souza,Moreira,souzamoreira@nomeEmpresa.com,2010-03-19,Vendedor Interno
80622,Léo Fernandes,Mendonça,fernandesmendonca@nomeEmpresa.com,2011-09-16,Vendedor Interno
80623,Vitória Sá,Conceição,saconceicao@nomeEmpresa.com,2008-12-17,Telemarketing
80624,Vicente Costela,Pastor,costelapastor@nomeEmpresa.com,2004-12-17,Vendedor Externo
80625,Rafael Aparecida,Camargo,aparecidacamargo@nomeEmpresa.com,2006-04-04,Consultor de Vendas
80626,Asafe Azevedo,Cirino,azevedocirino@nomeEmpresa.com,2006-01-26,Vendedor Interno
80627,Sofia Marques,Montenegro,marquesmontenegro@nomeEmpresa.com,2010-04-22,Vendedor Externo
80628,Gustavo Rocha,Freitas,gustavofreitas@nomeEmpresa.com,2017-11-25,Vendedor Externo
80629,Cecília Novais,Barbosa,ceciliabarbosa@nomeEmpresa.com,2013-08-06,Telemarketing
80630,Lucas Silva,Duarte,lucasduarte@nomeEmpresa.com,2022-11-03,Vendedor Externo
80631,da Mota,Cavalcante,dacavalcante@nomeEmpresa.com,2005-11-13,Vendedor Externo
80632,Francisco Freitas,Costela,freitascostela@nomeEmpresa.com,2024-09-22,Telemarketing
80633,Maysa Cassiano,Montenegro,cassianomontenegro@nomeEmpresa.com,2018-07-21,Vendedor Interno
80634,Lucca da,Aragão,luccaaragao@nomeEmpresa.com,2007-10-31,Vendedor Interno
80635,Eloah Santos,Farias,santosfarias@nomeEmpresa.com,2024-03-12,Vendedor Externo
80636,Erick Moraes,Monteiro,moraesmonteiro@nomeEmpresa.com,2006-04-20,Telemarketing
80637,Levi Pastor,Carvalho,pastorcarvalho@nomeEmpresa.com,2015-07-17,Vendedor Externo
80638,Henrique da,Aparecida,henriqueaparecida@nomeEmpresa.com,2023-03-17,Consultor de Vendas
80639,Sofia Pires,Dias,piresdias@nomeEmpresa.com,2007-11-16,Vendedor Interno
80640,Sofia Silva,Viana,silvaviana@nomeEmpresa.com,2007-09-09,Vendedor Interno
80641,Daniel Rodrigues,Duarte,rodriguesduarte@nomeEmpresa.com,2014-09-10,Vendedor Interno
80642,Murilo Gomes,Lopes,gomeslopes@nomeEmpresa.com,2022-10-06,Vendedor Interno
80643,Renan Siqueira,Vargas,siqueiravargas@nomeEmpresa.com,2010-06-08,Telemarketing
80644,Apollo Pimenta,Costa,apollocosta@nomeEmpresa.com,2023-03-19,Vendedor Interno
80645,da Costa,Pinto,dapinto@nomeEmpresa.com,2015-12-15,Telemarketing
80646,Maria Alice,Grande,mariagrande@nomeEmpresa.com,2013-09-04,Vendedor Externo
80647,das Neves,Teixeira,dasteixeira@nomeEmpresa.com,2010-04-02,Vendedor Interno
80648,Marcela Pereira,Alves,pereiraalves@nomeEmpresa.com,2011-09-03,Vendedor Interno
80649,Marcela Mendonça,Vieira,mendoncavieira@nomeEmpresa.com,2008-09-24,Vendedor Interno
80650,Yasmin Pimenta,Santos,pimentasantos@nomeEmpresa.com,2019-06-27,Vendedor Interno
80651,Anthony Alves,Borges,alvesborges@nomeEmpresa.com,2017-03-29,Vendedor Externo
80652,Hugo Costa,Lopes,hugolopes@nomeEmpresa.com,2022-01-27,Vendedor Interno
80653,Enrico Barbosa,Melo,barbosamelo@nomeEmpresa.com,2020-10-09,Promotor de Vendas
80654,Sophia Aragão,Lopes,sophialopes@nomeEmpresa.com,2010-05-30,Vendedor Externo
80655,José Santos,Correia,santoscorreia@nomeEmpresa.com,2012-09-26,Telemarketing
80656,Júlia da,Azevedo,juliaazevedo@nomeEmpresa.com,2021-04-19,Vendedor Interno
80657,Apollo Vasconcelos,Luz,vasconcelosluz@nomeEmpresa.com,2024-02-19,Vendedor Externo
80658,Luiza da,Nunes,luizanunes@nomeEmpresa.com,2023-05-31,Telemarketing
80659,Ryan Ferreira,Nunes,ryannunes@nomeEmpresa.com,2023-04-17,Vendedor Interno
80660,da Luz,Dias,dadias@nomeEmpresa.com,2011-06-15,Telemarketing
80661,Carolina Porto,Rocha,carolinarocha@nomeEmpresa.com,2019-11-09,Vendedor Interno
80662,Lívia Fogaça,Dias,liviadias@nomeEmpresa.com,2004-12-08,Vendedor Interno
80663,Renan Brito,Rosa,renanrosa@nomeEmpresa.com,2011-04-05,Vendedor Interno
80664,Pietra Costela,Almeida,costelaalmeida@nomeEmpresa.com,2023-10-17,Vendedor Interno
80665,Ravi Brito,Martins,britomartins@nomeEmpresa.com,2008-09-05,Vendedor Interno
80666,Diogo Melo,Duarte,meloduarte@nomeEmpresa.com,2006-04-21,Vendedor Interno
80667,Igor Araújo,Aparecida,araujoaparecida@nomeEmpresa.com,2015-04-11,Vendedor Externo
80668,Ayla Carvalho,Andrade,carvalhoandrade@nomeEmpresa.com,2010-12-05,Telemarketing
80669,Lucas Barros,Cavalcante,lucascavalcante@nomeEmpresa.com,2004-06-22,Vendedor Externo
80670,Gabriel Cunha,Correia,gabrielcorreia@nomeEmpresa.com,2020-04-16,Vendedor Interno
80671,Juliana Rezende,Jesus,rezendejesus@nomeEmpresa.com,2011-09-15,Telemarketing
80672,Clara Casa,Teixeira,clarateixeira@nomeEmpresa.com,2020-12-14,Vendedor Interno
80673,Fernando Leão,Fernandes,fernandofernandes@nomeEmpresa.com,2024-03-01,Telemarketing
80674,Pedro Pacheco,Pimenta,pachecopimenta@nomeEmpresa.com,2009-05-14,Vendedor Interno
80675,Amanda Sales,Nascimento,amandanascimento@nomeEmpresa.com,2012-01-31,Vendedor Interno
80676,Antony Dias,Pacheco,diaspacheco@nomeEmpresa.com,2018-09-17,Vendedor Interno
80677,Mariane Cunha,Machado,cunhamachado@nomeEmpresa.com,2008-10-20,Promotor de Vendas
80678,Bárbara Barbosa,Rios,barbosarios@nomeEmpresa.com,2019-06-06,Vendedor Interno
80679,Letícia Macedo,Carvalho,macedocarvalho@nomeEmpresa.com,2017-12-11,Vendedor Interno
80680,Laura Siqueira,Vargas,lauravargas@nomeEmpresa.com,2022-12-14,Telemarketing
80681,Théo Macedo,Montenegro,macedomontenegro@nomeEmpresa.com,2006-12-27,Vendedor Interno
80682,Alexia Brito,Ribeiro,britoribeiro@nomeEmpresa.com,2012-05-20,Telemarketing
80683,Benjamin Sousa,Montenegro,sousamontenegro@nomeEmpresa.com,2014-10-13,Vendedor Externo
80684,Isis Freitas,Gomes,freitasgomes@nomeEmpresa.com,2017-02-05,Vendedor Interno
80685,da Cruz,Campos,dacampos@nomeEmpresa.com,2023-09-14,Telemarketing
80686,Murilo Freitas,Leão,freitasleao@nomeEmpresa.com,2015-04-22,Vendedor Interno
80687,Jade Ramos,Brito,ramosbrito@nomeEmpresa.com,2019-09-23,Vendedor Externo
80688,Luiz Albuquerque,Correia,luizcorreia@nomeEmpresa.com,2014-11-01,Vendedor Interno
80689,das Neves,Costela,dascostela@nomeEmpresa.com,2024-09-19,Vendedor Interno
80690,Francisco Cirino,Lopes,cirinolopes@nomeEmpresa.com,2013-06-15,Vendedor Interno
80691,Nicole Viana,Castro,nicolecastro@nomeEmpresa.com,2005-09-17,Telemarketing
80692,Zoe Fernandes,Macedo,fernandesmacedo@nomeEmpresa.com,2012-05-01,Vendedor Externo
80693,Eduarda Novaes,Vieira,eduardavieira@nomeEmpresa.com,2020-11-24,Vendedor Interno
80694,Lucca Silveira,Ferreira,luccaferreira@nomeEmpresa.com,2010-03-28,Vendedor Interno
80695,Sophie Nunes,Azevedo,nunesazevedo@nomeEmpresa.com,2012-09-26,Vendedor Externo
80696,Cecilia Viana,Camargo,vianacamargo@nomeEmpresa.com,2004-03-19,Promotor de Vendas
80697,Isaque Teixeira,Souza,teixeirasouza@nomeEmpresa.com,2011-04-28,Telemarketing
80698,Benício Pereira,Luz,pereiraluz@nomeEmpresa.com,2021-09-05,Vendedor Externo
80699,Natália Azevedo,Costela,azevedocostela@nomeEmpresa.com,2018-11-29,Vendedor Interno
80700,Allana Vieira,Guerra,allanaguerra@nomeEmpresa.com,2011-11-09,Consultor de Vendas
80701,Vinicius Mendonça,Mendes,mendoncamendes@nomeEmpresa.com,2006-07-14,Vendedor Interno
80702,Antony Gomes,Silva,gomessilva@nomeEmpresa.com,2007-03-04,Vendedor Externo
80703,Cecília Aparecida,Ramos,ceciliaramos@nomeEmpresa.com,2009-07-13,Telemarketing
80704,Hadassa Novaes,Silveira,novaessilveira@nomeEmpresa.com,2010-04-27,Telemarketing
80705,Raul Araújo,Moreira,araujomoreira@nomeEmpresa.com,2014-06-01,Vendedor Interno
80706,Yago Freitas,Santos,freitassantos@nomeEmpresa.com,2007-02-21,Vendedor Interno
80707,Isaac Vasconcelos,Alves,vasconcelosalves@nomeEmpresa.com,2023-12-25,Vendedor Externo
80708,Erick Moraes,Pacheco,moraespacheco@nomeEmpresa.com,2022-05-11,Vendedor Externo
80709,Ísis Leão,Câmara,isiscamara@nomeEmpresa.com,2012-12-21,Vendedor Interno
80710,Joana Moraes,Cardoso,moraescardoso@nomeEmpresa.com,2008-02-07,Consultor de Vendas
80711,Júlia Sampaio,Dias,juliadias@nomeEmpresa.com,2013-02-20,Telemarketing
80712,Yuri Viana,Mota,vianamota@nomeEmpresa.com,2009-07-08,Telemarketing
80713,Fernanda Andrade,Moura,andrademoura@nomeEmpresa.com,2015-09-02,Telemarketing
80714,Luara Mendes,Carvalho,mendescarvalho@nomeEmpresa.com,2015-08-25,Telemarketing
80715,Murilo Pastor,Câmara,murilocamara@nomeEmpresa.com,2009-05-07,Vendedor Externo
80716,Enzo Nogueira,Novaes,nogueiranovaes@nomeEmpresa.com,2020-09-21,Vendedor Interno
80717,Luiz Felipe,Rios,luizrios@nomeEmpresa.com,2022-07-23,Vendedor Interno
80718,Luiza Gonçalves,Fonseca,goncalvesfonseca@nomeEmpresa.com,2019-10-27,Vendedor Externo
80719,Clara Vargas,Cruz,vargascruz@nomeEmpresa.com,2016-08-22,Vendedor Externo
80720,Ana Carolina,Machado,anamachado@nomeEmpresa.com,2005-01-20,Telemarketing
80721,Melina da,Vasconcelos,melinavasconcelos@nomeEmpresa.com,2009-11-13,Vendedor Interno
80722,Benicio Monteiro,Azevedo,monteiroazevedo@nomeEmpresa.com,2017-01-19,Consultor de Vendas
80723,Liz Duarte,Silva,duartesilva@nomeEmpresa.com,2008-04-25,Vendedor Externo
80724,Joana Casa,Cassiano,joanacassiano@nomeEmpresa.com,2005-03-06,Vendedor Interno
80725,Eduardo Almeida,Luz,eduardoluz@nomeEmpresa.com,2015-04-23,Vendedor Interno
80726,Heloisa Fogaça,Rosa,fogacarosa@nomeEmpresa.com,2021-03-22,Vendedor Interno
80727,Liz Moraes,Mata,lizmata@nomeEmpresa.com,2012-05-17,Vendedor Externo
80728,da Rosa,Rocha,darocha@nomeEmpresa.com,2024-03-25,Telemarketing
80729,da Conceição,Mendes,damendes@nomeEmpresa.com,2011-06-21,Vendedor Interno
80730,Miguel Macedo,Moraes,miguelmoraes@nomeEmpresa.com,2014-09-17,Vendedor Interno
80731,Júlia Aparecida,Sales,juliasales@nomeEmpresa.com,2016-06-20,Vendedor Externo
80732,Luara Pastor,Correia,luaracorreia@nomeEmpresa.com,2016-02-01,Vendedor Interno
80733,Ravi da,Fonseca,ravifonseca@nomeEmpresa.com,2018-08-17,Vendedor Interno
80734,Eduardo Fernandes,Castro,fernandescastro@nomeEmpresa.com,2023-10-03,Telemarketing
80735,Laura Teixeira,Oliveira,teixeiraoliveira@nomeEmpresa.com,2010-04-04,Vendedor Interno
80736,Aylla Vieira,Vieira,vieiravieira@nomeEmpresa.com,2010-01-25,Vendedor Externo
80737,Laura Montenegro,Cunha,lauracunha@nomeEmpresa.com,2008-06-23,Telemarketing
80738,Sophia das,Alves,sophiaalves@nomeEmpresa.com,2015-06-07,Telemarketing
80739,Vinicius Ferreira,Costa,ferreiracosta@nomeEmpresa.com,2013-05-24,Telemarketing
80740,da Cruz,Pastor,dapastor@nomeEmpresa.com,2024-01-04,Vendedor Interno
80741,Fernando Costa,Farias,fernandofarias@nomeEmpresa.com,2014-04-07,Telemarketing
80742,Rhavi Costela,Costa,costelacosta@nomeEmpresa.com,2020-10-10,Vendedor Interno
80743,Julia Abreu,Borges,juliaborges@nomeEmpresa.com,2009-07-20,Promotor de Vendas
80744,Yuri Rezende,Cruz,yuricruz@nomeEmpresa.com,2012-08-15,Telemarketing
80745,Laura Macedo,Grande,lauragrande@nomeEmpresa.com,2006-07-08,Telemarketing
80746,Zoe Teixeira,Souza,teixeirasouza@nomeEmpresa.com,2016-03-29,Telemarketing
80747,Miguel Alves,Fogaça,miguelfogaca@nomeEmpresa.com,2021-08-04,Vendedor Interno
80748,Caio Machado,Fernandes,machadofernandes@nomeEmpresa.com,2015-01-28,Vendedor Externo
80749,Isabel Novaes,Siqueira,isabelsiqueira@nomeEmpresa.com,2015-09-28,Telemarketing
80750,Pietro Rodrigues,Alves,rodriguesalves@nomeEmpresa.com,2019-05-22,Promotor de Vendas
80751,Dom Ferreira,Rezende,domrezende@nomeEmpresa.com,2013-10-16,Telemarketing
80752,Ravi Vargas,Pires,vargaspires@nomeEmpresa.com,2010-12-20,Telemarketing
80753,Ryan Silva,Moraes,silvamoraes@nomeEmpresa.com,2016-03-19,Telemarketing
80754,Diogo Macedo,Mota,macedomota@nomeEmpresa.com,2006-08-29,Vendedor Externo
80755,Fernanda Sampaio,Mendonça,fernandamendonca@nomeEmpresa.com,2023-02-25,Vendedor Externo
80756,Miguel Martins,Albuquerque,miguelalbuquerque@nomeEmpresa.com,2006-01-01,Vendedor Interno
80757,Cecilia Sales,Vargas,salesvargas@nomeEmpresa.com,2006-10-06,Promotor de Vendas
80758,Catarina Melo,Neves,meloneves@nomeEmpresa.com,2007-09-16,Vendedor Externo
80759,Lorena Ribeiro,Aparecida,ribeiroaparecida@nomeEmpresa.com,2018-09-17,Vendedor Interno
80760,Bruno da,Fonseca,brunofonseca@nomeEmpresa.com,2007-07-01,Vendedor Interno
80761,Luan da,Moura,luanmoura@nomeEmpresa.com,2008-01-14,Vendedor Externo
80762,Arthur Gabriel,Novais,arthurnovais@nomeEmpresa.com,2004-11-28,Vendedor Interno
80763,Matteo Jesus,Barros,jesusbarros@nomeEmpresa.com,2012-09-11,Vendedor Externo
80764,Anna Liz,Moura,annamoura@nomeEmpresa.com,2017-03-23,Vendedor Interno
80765,Gustavo Marques,Duarte,marquesduarte@nomeEmpresa.com,2022-02-18,Promotor de Vendas
80766,Giovanna Farias,Carvalho,fariascarvalho@nomeEmpresa.com,2018-12-27,Vendedor Interno
80767,Vitor Barbosa,Abreu,vitorabreu@nomeEmpresa.com,2007-01-07,Vendedor Interno
80768,Camila Marques,Mata,marquesmata@nomeEmpresa.com,2017-10-08,Vendedor Externo
80769,Ravi Carvalho,Moreira,ravimoreira@nomeEmpresa.com,2020-11-09,Telemarketing
80770,Clara Vargas,Freitas,clarafreitas@nomeEmpresa.com,2017-03-06,Vendedor Interno
80771,Raul Cavalcante,Novais,cavalcantenovais@nomeEmpresa.com,2013-09-25,Telemarketing
80772,Gael Novais,Rocha,novaisrocha@nomeEmpresa.com,2024-02-11,Vendedor Interno
80773,Guilherme Novaes,Fonseca,novaesfonseca@nomeEmpresa.com,2014-08-09,Vendedor Externo
80774,Anthony Gabriel,Cunha,anthonycunha@nomeEmpresa.com,2006-07-30,Vendedor Interno
80775,Bryan Câmara,Macedo,camaramacedo@nomeEmpresa.com,2011-10-04,Vendedor Externo
80776,Fernanda Guerra,Lopes,guerralopes@nomeEmpresa.com,2015-05-06,Vendedor Interno
80777,Yasmin Araújo,Caldeira,araujocaldeira@nomeEmpresa.com,2006-09-16,Vendedor Interno
80778,Alice Farias,Ferreira,fariasferreira@nomeEmpresa.com,2019-09-08,Vendedor Interno
80779,Cauê Silveira,Martins,silveiramartins@nomeEmpresa.com,2016-10-02,Vendedor Interno
80780,Lívia Caldeira,Almeida,caldeiraalmeida@nomeEmpresa.com,2008-11-12,Vendedor Interno
80781,Miguel da,Sousa,miguelsousa@nomeEmpresa.com,2008-02-19,Vendedor Interno
80782,Laura Rios,Camargo,lauracamargo@nomeEmpresa.com,2014-04-12,Telemarketing
80783,Heitor Macedo,Mendonça,macedomendonca@nomeEmpresa.com,2017-10-29,Telemarketing
80784,Enzo Pacheco,Nunes,pacheconunes@nomeEmpresa.com,2024-09-06,Vendedor Externo
80785,Cecilia Viana,Rosa,ceciliarosa@nomeEmpresa.com,2010-11-04,Vendedor Interno
80786,Thomas Borges,Cardoso,borgescardoso@nomeEmpresa.com,2015-10-27,Telemarketing
80787,Flor da,Barros,florbarros@nomeEmpresa.com,2019-03-03,Vendedor Externo
80788,Benjamim Farias,Martins,fariasmartins@nomeEmpresa.com,2021-02-26,Vendedor Externo
80789,Miguel Pastor,Cruz,miguelcruz@nomeEmpresa.com,2004-09-16,Promotor de Vendas
80790,Fernando Monteiro,Azevedo,monteiroazevedo@nomeEmpresa.com,2023-04-09,Vendedor Interno
80791,Dante Cavalcanti,Mota,cavalcantimota@nomeEmpresa.com,2016-11-27,Vendedor Interno
80792,Vitória Cavalcanti,Castro,vitoriacastro@nomeEmpresa.com,2017-05-28,Promotor de Vendas
80793,Bruna Nascimento,Monteiro,nascimentomonteiro@nomeEmpresa.com,2011-12-14,Promotor de Vendas
80794,Joaquim Brito,Borges,britoborges@nomeEmpresa.com,2013-07-22,Promotor de Vendas
80795,Ágatha Rocha,Mendonça,agathamendonca@nomeEmpresa.com,2020-02-22,Vendedor Interno
80796,Nicole Correia,Sales,correiasales@nomeEmpresa.com,2004-11-15,Vendedor Interno
80797,Ísis Ramos,Cavalcanti,ramoscavalcanti@nomeEmpresa.com,2023-07-31,Vendedor Interno
80798,Letícia Guerra,Cassiano,guerracassiano@nomeEmpresa.com,2006-05-12,Vendedor Interno
80799,Antonella Fonseca,Montenegro,antonellamontenegro@nomeEmpresa.com,2016-05-01,Telemarketing
80800,Felipe Freitas,Rocha,feliperocha@nomeEmpresa.com,2006-12-23,Vendedor Interno
80801,Ágatha Vasconcelos,Mata,vasconcelosmata@nomeEmpresa.com,2008-07-13,Vendedor Externo
80802,Henrique Moura,Gomes,henriquegomes@nomeEmpresa.com,2016-02-05,Vendedor Interno
80803,Paulo Cardoso,Camargo,cardosocamargo@nomeEmpresa.com,2022-09-05,Vendedor Interno
80804,Liz Moraes,Machado,moraesmachado@nomeEmpresa.com,2017-02-17,Promotor de Vendas
80805,Laura Farias,Ferreira,lauraferreira@nomeEmpresa.com,2017-11-13,Vendedor Interno
80806,Rafael Duarte,Rosa,duarterosa@nomeEmpresa.com,2013-08-08,Vendedor Interno
80807,Eloah Garcia,Aparecida,garciaaparecida@nomeEmpresa.com,2023-04-28,Vendedor Interno
80808,Kamilly Carvalho,Costela,carvalhocostela@nomeEmpresa.com,2009-05-23,Vendedor Externo
80809,Olívia Monteiro,Lima,monteirolima@nomeEmpresa.com,2013-07-08,Vendedor Interno
80810,Isis Barros,Novaes,isisnovaes@nomeEmpresa.com,2024-05-04,Vendedor Interno
80811,Enrico Cavalcanti,Siqueira,cavalcantisiqueira@nomeEmpresa.com,2008-11-29,Telemarketing
80812,Carolina Rios,Silveira,carolinasilveira@nomeEmpresa.com,2020-04-09,Vendedor Externo
80813,Gabriel Pimenta,Conceição,gabrielconceicao@nomeEmpresa.com,2017-06-04,Vendedor Interno
80814,Eduarda Rezende,Cruz,rezendecruz@nomeEmpresa.com,2010-08-14,Promotor de Vendas
80815,Clara Sá,Albuquerque,saalbuquerque@nomeEmpresa.com,2004-05-02,Telemarketing
80816,Julia Gonçalves,Costela,juliacostela@nomeEmpresa.com,2008-07-02,Vendedor Interno
80817,Benício Sampaio,Albuquerque,sampaioalbuquerque@nomeEmpresa.com,2004-09-07,Vendedor Interno
80818,Sofia Oliveira,Nunes,oliveiranunes@nomeEmpresa.com,2007-03-06,Vendedor Interno
80819,Carolina Castro,Aragão,castroaragao@nomeEmpresa.com,2009-12-03,Telemarketing
80820,Heloísa Vasconcelos,Guerra,heloisaguerra@nomeEmpresa.com,2004-09-21,Promotor de Vendas
80821,Eduardo Mendonça,Viana,eduardoviana@nomeEmpresa.com,2022-06-21,Vendedor Interno
80822,Gabriel Araújo,Paz,gabrielpaz@nomeEmpresa.com,2022-05-09,Vendedor Interno
80823,Nathan Viana,Ribeiro,nathanribeiro@nomeEmpresa.com,2018-04-03,Consultor de Vendas
80824,Joaquim Porto,Luz,portoluz@nomeEmpresa.com,2016-07-13,Telemarketing
80825,Manuella Sousa,Sampaio,sousasampaio@nomeEmpresa.com,2020-03-28,Telemarketing
80826,da Cunha,Fonseca,dafonseca@nomeEmpresa.com,2018-02-16,Telemarketing
80827,Laís Macedo,Cardoso,macedocardoso@nomeEmpresa.com,2009-01-13,Telemarketing
80828,Pedro Lucas,Viana,pedroviana@nomeEmpresa.com,2022-03-16,Vendedor Externo
80829,Apollo Dias,Aragão,apolloaragao@nomeEmpresa.com,2009-02-16,Vendedor Externo
80830,Felipe Caldeira,Mendes,felipemendes@nomeEmpresa.com,2019-04-19,Vendedor Interno
80831,Stephany Cavalcanti,Rezende,cavalcantirezende@nomeEmpresa.com,2023-03-12,Promotor de Vendas
80832,Renan Cavalcanti,Borges,cavalcantiborges@nomeEmpresa.com,2006-12-06,Telemarketing
80833,Luigi Almeida,Gonçalves,almeidagoncalves@nomeEmpresa.com,2016-03-13,Vendedor Externo
80834,Thales Mendes,Ribeiro,mendesribeiro@nomeEmpresa.com,2014-12-22,Vendedor Externo
80835,Luiza Pastor,Farias,luizafarias@nomeEmpresa.com,2007-06-01,Vendedor Interno
80836,Davi Lucca,Pereira,davipereira@nomeEmpresa.com,2023-10-25,Promotor de Vendas
80837,Vicente Santos,Santos,santossantos@nomeEmpresa.com,2021-12-13,Vendedor Interno
80838,Bianca Cardoso,Barbosa,cardosobarbosa@nomeEmpresa.com,2009-09-19,Vendedor Interno
80839,Antonella Pastor,Teixeira,pastorteixeira@nomeEmpresa.com,2021-09-19,Vendedor Interno
80840,Cecilia Albuquerque,Nunes,albuquerquenunes@nomeEmpresa.com,2018-06-27,Vendedor Interno
80841,da Cruz,Fernandes,dafernandes@nomeEmpresa.com,2010-05-04,Vendedor Interno
80842,Eloá Cunha,Barbosa,cunhabarbosa@nomeEmpresa.com,2004-10-21,Vendedor Interno
80843,Juan Gonçalves,Farias,goncalvesfarias@nomeEmpresa.com,2022-07-22,Vendedor Externo
80844,Liz da,Fernandes,lizfernandes@nomeEmpresa.com,2012-09-13,Vendedor Interno
80845,Rafaela Marques,Conceição,marquesconceicao@nomeEmpresa.com,2020-04-05,Telemarketing
80846,Júlia Rocha,Guerra,rochaguerra@nomeEmpresa.com,2011-08-15,Vendedor Interno
80847,Laura Pastor,Almeida,pastoralmeida@nomeEmpresa.com,2024-02-04,Vendedor Interno
80848,Lívia Fonseca,Mata,fonsecamata@nomeEmpresa.com,2010-01-11,Vendedor Interno
80849,André Vasconcelos,Rocha,vasconcelosrocha@nomeEmpresa.com,2014-07-28,Telemarketing
80850,André Aparecida,Araújo,aparecidaaraujo@nomeEmpresa.com,2021-10-30,Vendedor Externo
80851,Maitê Ramos,Novais,ramosnovais@nomeEmpresa.com,2024-02-15,Vendedor Interno
80852,Ana Luiza,Martins,anamartins@nomeEmpresa.com,2017-07-28,Telemarketing
80853,Guilherme Vieira,Barros,vieirabarros@nomeEmpresa.com,2022-12-12,Promotor de Vendas
80854,Ester Mendonça,Cavalcante,mendoncacavalcante@nomeEmpresa.com,2010-07-19,Promotor de Vendas
80855,Bárbara Porto,Gonçalves,barbaragoncalves@nomeEmpresa.com,2022-10-17,Telemarketing
80856,da Conceição,Rocha,darocha@nomeEmpresa.com,2005-01-22,Vendedor Externo
80857,Isis Freitas,Cardoso,isiscardoso@nomeEmpresa.com,2024-01-09,Vendedor Interno
80858,Luana Lima,Pimenta,limapimenta@nomeEmpresa.com,2018-09-23,Vendedor Interno
80859,Marina Fernandes,Garcia,fernandesgarcia@nomeEmpresa.com,2011-06-13,Vendedor Interno
80860,José Fonseca,Teixeira,fonsecateixeira@nomeEmpresa.com,2010-01-16,Telemarketing
80861,Olívia Barros,Campos,oliviacampos@nomeEmpresa.com,2011-02-10,Vendedor Interno
80862,Luana Moura,Aparecida,mouraaparecida@nomeEmpresa.com,2010-06-21,Promotor de Vendas
80863,Vitória Pinto,Jesus,pintojesus@nomeEmpresa.com,2020-01-10,Telemarketing
80864,Rafael Machado,Rocha,machadorocha@nomeEmpresa.com,2012-07-09,Vendedor Externo
80865,Bella Castro,Borges,castroborges@nomeEmpresa.com,2020-11-24,Vendedor Externo
80866,Isis Caldeira,Nunes,caldeiranunes@nomeEmpresa.com,2019-08-13,Telemarketing
80867,Ana Clara,Moreira,anamoreira@nomeEmpresa.com,2019-05-11,Vendedor Externo
80868,Gael Machado,Pastor,gaelpastor@nomeEmpresa.com,2006-06-10,Vendedor Interno
80869,Natália Rodrigues,Cavalcanti,rodriguescavalcanti@nomeEmpresa.com,2022-04-10,Vendedor Externo
80870,Nathan Vargas,Cavalcante,vargascavalcante@nomeEmpresa.com,2013-04-08,Vendedor Externo
80871,Luiz Otávio,Montenegro,luizmontenegro@nomeEmpresa.com,2023-03-06,Consultor de Vendas
80872,Gabriel Machado,Oliveira,gabrieloliveira@nomeEmpresa.com,2022-04-12,Vendedor Interno
80873,Joaquim Fogaça,Sampaio,fogacasampaio@nomeEmpresa.com,2014-05-24,Vendedor Externo
80874,Alana Farias,Silva,alanasilva@nomeEmpresa.com,2020-01-25,Vendedor Interno
80875,Maria Siqueira,Duarte,siqueiraduarte@nomeEmpresa.com,2016-10-09,Promotor de Vendas
80876,Brenda Souza,Lopes,souzalopes@nomeEmpresa.com,2006-10-12,Telemarketing
80877,Lavínia Carvalho,Araújo,carvalhoaraujo@nomeEmpresa.com,2023-09-20,Vendedor Interno
80878,Vinícius Moraes,Monteiro,moraesmonteiro@nomeEmpresa.com,2005-06-20,Vendedor Externo
80879,Enrico Rezende,Leão,rezendeleao@nomeEmpresa.com,2006-04-14,Telemarketing
80880,Rafael Moraes,Brito,moraesbrito@nomeEmpresa.com,2010-02-18,Vendedor Interno
80881,Vitor Gabriel,Costa,vitorcosta@nomeEmpresa.com,2024-10-06,Telemarketing
80882,Juliana Lima,Azevedo,julianaazevedo@nomeEmpresa.com,2011-04-01,Vendedor Interno
80883,Mirella Machado,Fernandes,machadofernandes@nomeEmpresa.com,2012-07-11,Promotor de Vendas
80884,Clara Santos,Fernandes,clarafernandes@nomeEmpresa.com,2018-06-23,Promotor de Vendas
80885,Liz Monteiro,Gomes,monteirogomes@nomeEmpresa.com,2004-08-30,Telemarketing
80886,Lorena Rodrigues,Rezende,rodriguesrezende@nomeEmpresa.com,2011-05-08,Vendedor Interno
80887,Luiza Pastor,Conceição,luizaconceicao@nomeEmpresa.com,2005-12-02,Telemarketing
80888,Pietro Fonseca,Caldeira,fonsecacaldeira@nomeEmpresa.com,2009-06-22,Vendedor Interno
80889,Lucca Ferreira,Fogaça,ferreirafogaca@nomeEmpresa.com,2006-02-18,Telemarketing
80890,Thiago Rios,Araújo,riosaraujo@nomeEmpresa.com,2005-01-23,Vendedor Interno
80891,Lara Garcia,Castro,garciacastro@nomeEmpresa.com,2017-01-03,Telemarketing
80892,João Felipe,Rocha,joaorocha@nomeEmpresa.com,2011-02-22,Vendedor Interno
80893,Asafe Novaes,Ferreira,novaesferreira@nomeEmpresa.com,2023-10-09,Vendedor Interno
80894,Lorenzo Barbosa,Garcia,lorenzogarcia@nomeEmpresa.com,2005-02-02,Telemarketing
80895,Calebe Rios,Souza,riossouza@nomeEmpresa.com,2015-04-18,Vendedor Interno
80896,José Barbosa,Silveira,barbosasilveira@nomeEmpresa.com,2011-05-03,Telemarketing
80897,Eloá Silva,Pires,silvapires@nomeEmpresa.com,2022-05-11,Telemarketing
80898,Enzo Machado,Sá,machadosa@nomeEmpresa.com,2022-10-27,Vendedor Externo
80899,da Costa,Ferreira,daferreira@nomeEmpresa.com,2006-04-11,Vendedor Externo
80900,Pedro Mendes,Pinto,mendespinto@nomeEmpresa.com,2017-05-15,Vendedor Interno
80901,Carolina Castro,Cassiano,carolinacassiano@nomeEmpresa.com,2011-10-06,Telemarketing
80902,Matheus Melo,Fonseca,melofonseca@nomeEmpresa.com,2011-01-17,Vendedor Interno
80903,Eloah Rodrigues,Costa,rodriguescosta@nomeEmpresa.com,2013-01-29,Vendedor Externo
80904,Laura Vieira,Farias,laurafarias@nomeEmpresa.com,2004-03-15,Vendedor Externo
80905,Antony Rezende,Macedo,rezendemacedo@nomeEmpresa.com,2012-08-24,Vendedor Interno
80906,Emilly Pires,Nogueira,emillynogueira@nomeEmpresa.com,2005-04-27,Promotor de Vendas
80907,Matteo Araújo,Sampaio,araujosampaio@nomeEmpresa.com,2024-01-09,Vendedor Interno
80908,Felipe Almeida,Azevedo,felipeazevedo@nomeEmpresa.com,2009-08-18,Telemarketing
80909,Gabriel Camargo,Paz,gabrielpaz@nomeEmpresa.com,2015-10-08,Vendedor Externo
80910,Theodoro Moraes,Azevedo,moraesazevedo@nomeEmpresa.com,2010-09-11,Vendedor Externo
80911,Amanda Rios,Vieira,riosvieira@nomeEmpresa.com,2014-04-04,Vendedor Interno
80912,Pedro Moreira,Cirino,moreiracirino@nomeEmpresa.com,2018-03-25,Telemarketing
80913,Gabriela Rezende,Nascimento,rezendenascimento@nomeEmpresa.com,2007-01-13,Vendedor Externo
80914,Lucas Cardoso,Castro,lucascastro@nomeEmpresa.com,2007-11-20,Telemarketing
80915,Otávio Fogaça,Lima,fogacalima@nomeEmpresa.com,2004-06-29,Vendedor Interno
80916,Diogo Vargas,Azevedo,vargasazevedo@nomeEmpresa.com,2024-08-04,Vendedor Externo
80917,Maysa Souza,Sá,souzasa@nomeEmpresa.com,2023-11-06,Vendedor Interno
80918,Giovanna Machado,Siqueira,machadosiqueira@nomeEmpresa.com,2024-03-07,Vendedor Interno
80919,Nicole Borges,Machado,borgesmachado@nomeEmpresa.com,2015-11-11,Vendedor Interno
80920,Luara Ferreira,Ferreira,luaraferreira@nomeEmpresa.com,2020-12-11,Telemarketing
80921,Gael Melo,Camargo,gaelcamargo@nomeEmpresa.com,2015-07-18,Consultor de Vendas
80922,da Cruz,Câmara,dacamara@nomeEmpresa.com,2015-09-10,Telemarketing
80923,da Mota,Sales,dasales@nomeEmpresa.com,2023-07-08,Vendedor Interno
80924,Ayla Aragão,Cruz,aragaocruz@nomeEmpresa.com,2014-06-19,Promotor de Vendas
80925,Maria Alice,Gonçalves,mariagoncalves@nomeEmpresa.com,2020-04-18,Telemarketing
80926,Milena Viana,Melo,vianamelo@nomeEmpresa.com,2022-05-11,Telemarketing
80927,Casa Grande,Azevedo,casaazevedo@nomeEmpresa.com,2016-07-15,Vendedor Externo
80928,Elisa Sales,Lima,saleslima@nomeEmpresa.com,2023-06-15,Vendedor Interno
80929,Helena Lopes,Sales,helenasales@nomeEmpresa.com,2014-05-05,Promotor de Vendas
80930,Sophie Peixoto,Grande,peixotogrande@nomeEmpresa.com,2016-01-03,Vendedor Interno
80931,Lavínia Pimenta,Neves,pimentaneves@nomeEmpresa.com,2015-10-16,Telemarketing
80932,Joaquim Pimenta,Borges,pimentaborges@nomeEmpresa.com,2007-09-13,Promotor de Vendas
80933,Anthony Borges,Silveira,borgessilveira@nomeEmpresa.com,2009-12-31,Telemarketing
80934,Cauã Fernandes,Dias,fernandesdias@nomeEmpresa.com,2005-01-08,Vendedor Externo
80935,Dante Rezende,Pimenta,rezendepimenta@nomeEmpresa.com,2009-01-05,Vendedor Interno
80936,Vicente Barbosa,Santos,barbosasantos@nomeEmpresa.com,2014-11-08,Vendedor Interno
80937,Sofia Leão,Vieira,leaovieira@nomeEmpresa.com,2023-06-24,Vendedor Interno
80938,Antony Leão,Fogaça,leaofogaca@nomeEmpresa.com,2018-06-03,Vendedor Interno
80939,Paulo Machado,Santos,paulosantos@nomeEmpresa.com,2021-01-29,Vendedor Interno
80940,da Cunha,Pacheco,dapacheco@nomeEmpresa.com,2014-02-12,Vendedor Externo
80941,Julia Costela,Cassiano,juliacassiano@nomeEmpresa.com,2006-12-01,Vendedor Interno
80942,Isis Ramos,Câmara,isiscamara@nomeEmpresa.com,2013-01-11,Telemarketing
80943,Kaique Pinto,Fonseca,pintofonseca@nomeEmpresa.com,2019-02-28,Vendedor Interno
80944,da Rocha,Farias,dafarias@nomeEmpresa.com,2024-03-26,Telemarketing
80945,Diego Azevedo,Jesus,azevedojesus@nomeEmpresa.com,2015-03-23,Telemarketing
80946,Thomas Azevedo,Rocha,azevedorocha@nomeEmpresa.com,2015-05-30,Vendedor Interno
80947,Sabrina Camargo,Montenegro,camargomontenegro@nomeEmpresa.com,2024-09-17,Vendedor Interno
80948,Liz Rocha,Moraes,lizmoraes@nomeEmpresa.com,2007-09-10,Vendedor Externo
80949,Elisa Jesus,Macedo,jesusmacedo@nomeEmpresa.com,2010-07-14,Telemarketing
80950,Vitória Garcia,Mendonça,vitoriamendonca@nomeEmpresa.com,2016-05-25,Vendedor Externo
80951,Miguel Alves,Moraes,miguelmoraes@nomeEmpresa.com,2020-10-29,Vendedor Interno
80952,Samuel Jesus,Correia,jesuscorreia@nomeEmpresa.com,2024-04-10,Vendedor Externo
80953,Matheus Novaes,Aragão,novaesaragao@nomeEmpresa.com,2024-10-30,Vendedor Interno
80954,Henrique Pacheco,Montenegro,henriquemontenegro@nomeEmpresa.com,2004-12-17,Vendedor Interno
80955,Casa Grande,Abreu,casaabreu@nomeEmpresa.com,2017-08-16,Vendedor Interno
80956,Ana Carolina,Castro,anacastro@nomeEmpresa.com,2017-07-13,Vendedor Interno
80957,Mariah Moura,Viana,mouraviana@nomeEmpresa.com,2016-01-05,Vendedor Interno
80958,Pedro Souza,Pacheco,souzapacheco@nomeEmpresa.com,2011-08-27,Telemarketing
80959,Brayan Rios,Gomes,riosgomes@nomeEmpresa.com,2019-08-22,Promotor de Vendas
80960,Manuela Ribeiro,Cassiano,ribeirocassiano@nomeEmpresa.com,2004-12-12,Telemarketing
80961,Lunna Nunes,Farias,nunesfarias@nomeEmpresa.com,2009-11-22,Vendedor Externo
80962,Natália Rodrigues,Lima,natalialima@nomeEmpresa.com,2005-07-13,Telemarketing
80963,Gabrielly Cassiano,Rosa,gabriellyrosa@nomeEmpresa.com,2022-01-21,Vendedor Interno
80964,Heloisa Vargas,Rosa,vargasrosa@nomeEmpresa.com,2013-02-20,Vendedor Interno
80965,Maria Clara,Marques,mariamarques@nomeEmpresa.com,2015-05-13,Vendedor Externo
80966,Bianca Vieira,Leão,vieiraleao@nomeEmpresa.com,2006-09-11,Vendedor Externo
80967,Davi Lucas,Montenegro,davimontenegro@nomeEmpresa.com,2014-02-20,Vendedor Interno
80968,Diego Santos,Rodrigues,santosrodrigues@nomeEmpresa.com,2014-11-03,Vendedor Interno
80969,Rhavi Rios,Cirino,rioscirino@nomeEmpresa.com,2010-01-11,Vendedor Interno
80970,Caleb Pinto,Nogueira,pintonogueira@nomeEmpresa.com,2005-10-11,Vendedor Interno
80971,Augusto Ramos,Ferreira,ramosferreira@nomeEmpresa.com,2018-02-11,Vendedor Interno
80972,Henrique Martins,Luz,henriqueluz@nomeEmpresa.com,2009-11-02,Vendedor Interno
80973,Yuri Oliveira,Melo,oliveiramelo@nomeEmpresa.com,2007-03-08,Vendedor Externo
80974,Bruna Nunes,Almeida,nunesalmeida@nomeEmpresa.com,2008-06-27,Vendedor Interno
80975,Elisa Vasconcelos,Farias,vasconcelosfarias@nomeEmpresa.com,2015-06-28,Telemarketing
80976,Rafael Costela,Correia,costelacorreia@nomeEmpresa.com,2009-08-07,Vendedor Interno
80977,Letícia Sá,Sampaio,sasampaio@nomeEmpresa.com,2014-07-28,Vendedor Interno
80978,Thomas Cunha,Castro,cunhacastro@nomeEmpresa.com,2018-03-25,Vendedor Externo
80979,Sabrina Farias,Porto,fariasporto@nomeEmpresa.com,2023-04-03,Vendedor Interno
80980,Ester Carvalho,Monteiro,carvalhomonteiro@nomeEmpresa.com,2010-02-10,Vendedor Externo
80981,Julia Machado,Pimenta,machadopimenta@nomeEmpresa.com,2012-12-01,Vendedor Interno
80982,Marcelo Dias,Fonseca,diasfonseca@nomeEmpresa.com,2009-02-27,Vendedor Externo
80983,João Pimenta,Alves,pimentaalves@nomeEmpresa.com,2005-06-08,Telemarketing
80984,Stella Novaes,Neves,novaesneves@nomeEmpresa.com,2022-06-27,Telemarketing
80985,Théo Cirino,Marques,theomarques@nomeEmpresa.com,2005-07-27,Vendedor Interno
80986,Bella Gonçalves,Martins,bellamartins@nomeEmpresa.com,2006-02-21,Vendedor Interno
80987,da Mota,Cruz,dacruz@nomeEmpresa.com,2005-04-02,Vendedor Externo
80988,Helena Novaes,Gomes,helenagomes@nomeEmpresa.com,2005-07-30,Vendedor Externo
80989,Davi Miguel,Costa,davicosta@nomeEmpresa.com,2008-12-18,Vendedor Interno
80990,Henrique Fonseca,Conceição,henriqueconceicao@nomeEmpresa.com,2010-10-20,Vendedor Externo
80991,Enrico Ferreira,Freitas,ferreirafreitas@nomeEmpresa.com,2013-04-15,Vendedor Interno
80992,Cecília Siqueira,Campos,ceciliacampos@nomeEmpresa.com,2014-06-22,Vendedor Interno
80993,Dom Moreira,Siqueira,moreirasiqueira@nomeEmpresa.com,2015-04-21,Vendedor Interno
80994,Enrico Siqueira,Guerra,siqueiraguerra@nomeEmpresa.com,2022-07-11,Telemarketing
80995,Gabriel Barbosa,Abreu,gabrielabreu@nomeEmpresa.com,2011-12-15,Vendedor Externo
80996,Henry Fonseca,Moraes,henrymoraes@nomeEmpresa.com,2004-08-19,Promotor de Vendas
80997,Eloah Aparecida,Aparecida,aparecidaaparecida@nomeEmpresa.com,2005-12-31,Vendedor Interno
80998,Rafaela da,Brito,rafaelabrito@nomeEmpresa.com,2011-01-06,Vendedor Interno
80999,Fernanda Pereira,Caldeira,pereiracaldeira@nomeEmpresa.com,2004-08-31,Telemarketing
